SAMPLE ID,SOURCE,DOI,TITLE,JOURNAL,MIN AGE,AGE,MAX AGE,MATERIAL,TYPE,COMPOSITION,ROCK NAME,LATITUDE,LONGITUDE,LOCPREC,SIO2,TIO2,AL2O3,FE2O3,FE2O3T,FEO,FeOT,MGO,CAO,NA2O,K2O,K_wt_percent,P2O5,MNO,LOI,H2O_PLUS,H2O_MINUS,H2O,Total,Mg_number,CR2O3,CR,LA,NIO,CE,PR,ND,SM,EU,GD,TB,DY,HO,ER,TM,YB,LU,LI,BE,B,C,CO2,F,CL,SC,TI,V,CO,NI,ZN,CU,ZR,GA,BA,W,AU,HG,TA,SB,SE,SN,S,U,RE,I,P,Y,MO,PD,TE,PT,HF,IR,PB,IN,AG,TH,TL,AS,RB,CS,SR,BI,NB,OS,CD,N,RU,BR,GE
OR-IM-5,GEOROC,10.1179/174327506X138904,"PLATINUM-GROUP ELEMENT GEOCHEMISTRY OF MANTLE ECLOGITES: A RECONNAISSANCE STUDY OF XENOLITHS FROM THE ORAPA KIMBERLITE, BOTSWANA",APPL. EARTH SCI.,,,,XENOLITH,UNKNOWN,UNKNOWN,ECLOGITE,-21.313,25.537,0.01,46.29,0.53,16.51,,,,7.29,15.99,11.15,1.39,0.08,0.0664,0.04,0.14,,,,,99.37,79.64,,2139.1,1.6,,5.15,0.73,3.34,1.08,2.42,1.42,0.25,1.76,0.38,1.13,0.17,1.17,0.2,,,,,,,,35.4,,147.8,50.3,283.5,35.3,32.4,17.5,12.3,6919,,0.16,,0.41,,,,,0.06,,,,11.1,,1.15,,6.46,0.56,0.59,,,,0.23,,,,,12.3,,7.13,,,,,,
OR-IM-7,GEOROC,10.1179/174327506X138904,"PLATINUM-GROUP ELEMENT GEOCHEMISTRY OF MANTLE ECLOGITES: A RECONNAISSANCE STUDY OF XENOLITHS FROM THE ORAPA KIMBERLITE, BOTSWANA",APPL. EARTH SCI.,,,,XENOLITH,UNKNOWN,UNKNOWN,ECLOGITE,-21.313,25.537,0.01,47.37,0.78,14.65,,,,10.37,11.08,12,2,0.19,0.1577,0.18,0.21,,,,,98.65,65.58,,351.1,19.11,,39.95,4.6,16.31,3.16,1.49,3.44,0.54,3.53,0.75,2.26,0.35,2.44,0.4,,,,,,,,40.3,,229.7,47.5,178.3,62.4,55.7,37.7,13.8,1904,,0.83,,1.83,,,,,0.57,,,,22.8,,0.7,,0.49,0.92,0.12,,,,1.46,,,,,371.5,,78.23,,,,,,
OR-IM-9,GEOROC,10.1179/174327506X138904,"PLATINUM-GROUP ELEMENT GEOCHEMISTRY OF MANTLE ECLOGITES: A RECONNAISSANCE STUDY OF XENOLITHS FROM THE ORAPA KIMBERLITE, BOTSWANA",APPL. EARTH SCI.,,,,XENOLITH,UNKNOWN,UNKNOWN,ECLOGITE,-21.313,25.537,0.01,46.88,0.65,15.85,,,,10.45,10.68,11.28,2.13,0.1,0.083,0.02,0.21,,,,,98.23,64.57,,441.7,4.89,,14.1,1.89,7.67,2.12,1.1,2.62,0.43,2.77,0.55,1.54,0.22,1.46,0.23,,,,,,,,37.2,,177.1,47.6,169.6,44.3,98.1,20.5,12.2,338,,0.6,,0.63,,,,,0.24,,,,16.6,,1.69,,1.95,0.52,0.17,,,,0.44,,,,,173.1,,16.95,,,,,,
OR-IM-2,GEOROC,10.1179/174327506X138904,"PLATINUM-GROUP ELEMENT GEOCHEMISTRY OF MANTLE ECLOGITES: A RECONNAISSANCE STUDY OF XENOLITHS FROM THE ORAPA KIMBERLITE, BOTSWANA",APPL. EARTH SCI.,,,,XENOLITH,UNKNOWN,UNKNOWN,ECLOGITE,-21.313,25.537,0.01,43.43,0.46,21.23,,,,6.24,16.35,9.76,0.47,0.06,0.0498,0.06,0.14,,,,,98.14,82.37,,1089.6,1.59,,5.07,0.65,3.44,1.84,0.74,2.53,0.46,2.89,0.5,1.2,0.14,0.77,0.12,,,,,,,,19,,64.6,41.4,286.7,17.8,62,97,8.7,21,,0.49,,0.74,,,,,0.1,,,,15.2,,0.7,,0.38,2.12,0.026,,,,0.22,,,,,33.5,,6.09,,,,,,
OR-IM-6,GEOROC,10.1179/174327506X138904,"PLATINUM-GROUP ELEMENT GEOCHEMISTRY OF MANTLE ECLOGITES: A RECONNAISSANCE STUDY OF XENOLITHS FROM THE ORAPA KIMBERLITE, BOTSWANA",APPL. EARTH SCI.,,,,XENOLITH,UNKNOWN,UNKNOWN,ECLOGITE,-21.313,25.537,0.01,47.53,0.37,16.17,,,,6.25,15.05,10.82,1.63,0.16,0.1328,0.09,0.14,,,,,98.12,81.11,,909,5.66,,14.33,2.1,9.18,2.2,1.45,2.22,0.33,1.96,0.37,1.05,0.15,1.12,0.19,,,,,,,,25.5,,144.5,57.1,316.9,15.9,16.3,41.1,12.5,752,,0.81,,0.41,,,,,0.16,,,,11,,1.75,,0.59,1.13,0.088,,,,0.53,,,,,250.4,,6.14,,,,,,
OR-IM-1,GEOROC,10.1179/174327506X138904,"PLATINUM-GROUP ELEMENT GEOCHEMISTRY OF MANTLE ECLOGITES: A RECONNAISSANCE STUDY OF XENOLITHS FROM THE ORAPA KIMBERLITE, BOTSWANA",APPL. EARTH SCI.,,,,XENOLITH,UNKNOWN,UNKNOWN,ECLOGITE,-21.313,25.537,0.01,47.8,0.63,14.54,,,,9.05,10.37,12.64,2.35,0.13,0.1079,0.15,0.16,,,,,97.67,67.14,,222.1,10.15,,20.58,2.57,9.85,2.6,1.37,2.78,0.41,2.45,0.47,1.29,0.18,1.23,0.22,,,,,,,,40.6,,205.2,41.9,337.1,41.4,70.5,30.4,12.4,1108,,0.74,,0.9,,,,,0.39,,,,14.1,,0.48,,0.74,0.71,0.051,,,,1.07,,,,,293.4,,57.78,,,,,,
OR-IM-4,GEOROC,10.1179/174327506X138904,"PLATINUM-GROUP ELEMENT GEOCHEMISTRY OF MANTLE ECLOGITES: A RECONNAISSANCE STUDY OF XENOLITHS FROM THE ORAPA KIMBERLITE, BOTSWANA",APPL. EARTH SCI.,,,,XENOLITH,UNKNOWN,UNKNOWN,ECLOGITE,-21.313,25.537,0.01,45.75,0.35,17.03,,,,7.58,15.1,9.48,1.77,0.08,0.0664,0.12,0.15,,,,,97.29,78.03,,857.2,3.28,,8.18,1.32,5.97,1.8,0.72,1.91,0.27,1.53,0.26,0.62,0.08,0.49,0.09,,,,,,,,18.9,,89.1,40.5,291.7,24.1,27,39.8,9.7,501,,2.41,,0.29,,,,,0.18,,,,7.2,,2.95,,4.65,0.91,0.42,,,,0.28,,,,,155.1,,4.56,,,,,,
OR-IM-8,GEOROC,10.1179/174327506X138904,"PLATINUM-GROUP ELEMENT GEOCHEMISTRY OF MANTLE ECLOGITES: A RECONNAISSANCE STUDY OF XENOLITHS FROM THE ORAPA KIMBERLITE, BOTSWANA",APPL. EARTH SCI.,,,,XENOLITH,UNKNOWN,UNKNOWN,ECLOGITE,-21.313,25.537,0.01,45.31,0.54,16.32,,,,6.91,15.71,10.8,1.07,0.09,0.0747,0.05,0.16,,,,,96.91,80.21,,669.9,3.74,,9.21,1.2,5.05,1.4,0.62,1.66,0.28,1.84,0.37,1.04,0.15,0.98,0.16,,,,,,,,37.2,,144.6,44.2,300.2,26.7,50.3,27.2,11.4,528,,0.45,,0.3,,,,,0.13,,,,11.4,,0.84,,1.14,0.74,0.1,,,,0.53,,,,,157.2,,4.87,,,,,,
OR-IM-10,GEOROC,10.1179/174327506X138904,"PLATINUM-GROUP ELEMENT GEOCHEMISTRY OF MANTLE ECLOGITES: A RECONNAISSANCE STUDY OF XENOLITHS FROM THE ORAPA KIMBERLITE, BOTSWANA",APPL. EARTH SCI.,,,,XENOLITH,UNKNOWN,UNKNOWN,ECLOGITE,-21.313,25.537,0.01,45.57,0.35,16.83,,,,7.59,14.99,9.43,1.77,0.09,0.0747,0.15,0.15,,,,,96.77,77.88,,848.1,4.15,,8.75,1.41,6.44,1.86,0.83,1.92,0.28,1.5,0.25,0.63,0.08,0.48,0.08,,,,,,,,19.3,,93.4,39.2,318,29.4,47.4,38.9,9.8,999,,0.3,,0.52,,,,,0.19,,,,7.2,,0.39,,0.59,0.87,0.16,,,,0.26,,,,,176.4,,4.88,,,,,,
OR-IM-5,GEOROC,10.1179/174327506X138904,"PLATINUM-GROUP ELEMENT GEOCHEMISTRY OF MANTLE ECLOGITES; A RECONNAISSANCE STUDY OF XENOLITHS FROM THE ORAPA KIMBERLITE, BOTSWANA",APPL. EARTH SCI.,,,,XENOLITH,UNKNOWN,UNKNOWN,ECLOGITE,-21.501,25.472,0.01,46.29,0.53,16.51,,,,7.29,15.99,11.15,1.39,0.08,0.0664,0.04,0.14,,,,,99.37,79.64,,2139.1,1.6,,5.15,0.73,3.34,1.08,2.42,1.42,0.25,1.76,0.38,1.13,0.17,1.17,0.2,,,,,,,,35.4,,147.8,50.3,283.5,35.3,32.4,17.5,12.3,6919,,0.16,,0.41,,,,,0.06,,,,11.1,,1.15,,6.46,0.56,0.59,,,,0.23,,,,,123,,7.13,,,,,,
OR-IM-7,GEOROC,10.1179/174327506X138904,"PLATINUM-GROUP ELEMENT GEOCHEMISTRY OF MANTLE ECLOGITES; A RECONNAISSANCE STUDY OF XENOLITHS FROM THE ORAPA KIMBERLITE, BOTSWANA",APPL. EARTH SCI.,,,,XENOLITH,UNKNOWN,UNKNOWN,ECLOGITE,-21.501,25.472,0.01,47.37,0.78,14.65,,,,10.37,11.08,12,2,0.19,0.1577,0.18,0.21,,,,,98.65,65.58,,351.1,19.11,,39.95,4.6,16.31,3.16,1.49,3.44,0.54,3.53,0.75,2.26,0.35,2.44,0.4,,,,,,,,40.3,,229.7,47.5,178.3,62.4,55.7,37.7,13.8,1904,,0.53,,1.83,,,,,0.57,,,,22.8,,0.7,,0.49,0.92,0.12,,,,1.46,,,,,371.5,,78.23,,,,,,
OR-IM-9,GEOROC,10.1179/174327506X138904,"PLATINUM-GROUP ELEMENT GEOCHEMISTRY OF MANTLE ECLOGITES; A RECONNAISSANCE STUDY OF XENOLITHS FROM THE ORAPA KIMBERLITE, BOTSWANA",APPL. EARTH SCI.,,,,XENOLITH,UNKNOWN,UNKNOWN,ECLOGITE,-21.501,25.472,0.01,46.88,0.65,15.85,,,,10.45,10.68,11.28,2.13,0.1,0.083,0.02,0.21,,,,,98.23,64.57,,441.7,4.89,,14.1,1.89,7.67,2.12,1.1,2.62,0.43,2.77,0.55,1.54,0.22,1.46,0.23,,,,,,,,37.2,,177.1,47.6,169.6,44.3,98.1,20.5,12.2,338,,0.6,,0.63,,,,,0.24,,,,16.6,,1.69,,1.95,0.52,0.17,,,,0.44,,,,,173.1,,16.95,,,,,,
OR-IM-2,GEOROC,10.1179/174327506X138904,"PLATINUM-GROUP ELEMENT GEOCHEMISTRY OF MANTLE ECLOGITES; A RECONNAISSANCE STUDY OF XENOLITHS FROM THE ORAPA KIMBERLITE, BOTSWANA",APPL. EARTH SCI.,,,,XENOLITH,UNKNOWN,UNKNOWN,ECLOGITE,-21.501,25.472,0.01,43.43,0.46,21.23,,,,6.24,16.35,9.76,0.47,0.06,0.0498,0.06,0.14,,,,,98.14,82.37,,1089.6,1.59,,5.07,0.65,3.44,1.84,0.74,2.53,0.46,2.89,0.5,1.2,0.14,0.77,0.12,,,,,,,,19,,64.6,41.4,286.7,17.8,62,97,8.7,21,,0.49,,0.74,,,,,0.1,,,,15.2,,0.7,,0.38,2.12,0.026,,,,0.22,,,,,33.5,,6.09,,,,,,
OR-IM-6,GEOROC,10.1179/174327506X138904,"PLATINUM-GROUP ELEMENT GEOCHEMISTRY OF MANTLE ECLOGITES; A RECONNAISSANCE STUDY OF XENOLITHS FROM THE ORAPA KIMBERLITE, BOTSWANA",APPL. EARTH SCI.,,,,XENOLITH,UNKNOWN,UNKNOWN,ECLOGITE,-21.501,25.472,0.01,47.53,0.37,16.17,,,,6.25,15.05,10.82,1.63,0.16,0.1328,0.09,0.14,,,,,98.12,81.11,,909,5.66,,14.33,2.1,9.18,2.2,1.45,2.22,0.33,1.96,0.37,1.05,0.15,1.12,0.19,,,,,,,,25.5,,144.5,57.1,316.9,15.9,16.3,41.1,12.5,752,,0.81,,0.41,,,,,0.16,,,,11,,1.75,,0.59,1.13,0.088,,,,0.53,,,,,250.4,,6.14,,,,,,
OR-IM-1,GEOROC,10.1179/174327506X138904,"PLATINUM-GROUP ELEMENT GEOCHEMISTRY OF MANTLE ECLOGITES; A RECONNAISSANCE STUDY OF XENOLITHS FROM THE ORAPA KIMBERLITE, BOTSWANA",APPL. EARTH SCI.,,,,XENOLITH,UNKNOWN,UNKNOWN,ECLOGITE,-21.501,25.472,0.01,47.8,0.63,14.54,,,,9.05,10.37,12.64,2.35,0.13,0.1079,0.15,0.16,,,,,97.67,67.14,,222.1,10.15,,20.58,2.57,9.85,2.6,1.37,2.78,0.41,2.45,0.47,1.29,0.18,1.23,0.22,,,,,,,,40.6,,205.2,41.9,337.1,41.4,70.5,30.4,12.4,1108,,0.74,,0.9,,,,,0.39,,,,14.1,,0.48,,0.74,0.71,0.051,,,,1.07,,,,,293.4,,57.78,,,,,,
OR-IM-4,GEOROC,10.1179/174327506X138904,"PLATINUM-GROUP ELEMENT GEOCHEMISTRY OF MANTLE ECLOGITES; A RECONNAISSANCE STUDY OF XENOLITHS FROM THE ORAPA KIMBERLITE, BOTSWANA",APPL. EARTH SCI.,,,,XENOLITH,UNKNOWN,UNKNOWN,ECLOGITE,-21.501,25.472,0.01,45.75,0.35,17.03,,,,7.58,15.1,9.48,1.77,0.08,0.0664,0.12,0.15,,,,,97.29,78.03,,857.2,3.28,,8.18,1.32,5.97,1.8,0.72,1.91,0.27,1.53,0.26,0.62,0.08,0.49,0.09,,,,,,,,18.9,,89.1,40.5,291.7,24.1,27,39.8,9.7,501,,2.41,,0.29,,,,,0.18,,,,7.2,,2.95,,4.65,0.91,0.42,,,,0.28,,,,,155.1,,4.56,,,,,,
OR-IM-8,GEOROC,10.1179/174327506X138904,"PLATINUM-GROUP ELEMENT GEOCHEMISTRY OF MANTLE ECLOGITES; A RECONNAISSANCE STUDY OF XENOLITHS FROM THE ORAPA KIMBERLITE, BOTSWANA",APPL. EARTH SCI.,,,,XENOLITH,UNKNOWN,UNKNOWN,ECLOGITE,-21.501,25.472,0.01,45.31,0.54,16.32,,,,6.91,15.71,10.8,1.07,0.09,0.0747,0.05,0.16,,,,,96.91,80.21,,669.9,3.74,,9.21,1.2,5.05,1.4,0.62,1.66,0.28,1.84,0.37,1.04,0.15,0.98,0.16,,,,,,,,37.2,,144.6,44.2,300.2,26.7,50.3,27.2,11.4,528,,0.45,,0.3,,,,,0.13,,,,11.4,,0.84,,1.14,0.74,0.1,,,,0.53,,,,,157.2,,4.87,,,,,,
OR-IM-10,GEOROC,10.1179/174327506X138904,"PLATINUM-GROUP ELEMENT GEOCHEMISTRY OF MANTLE ECLOGITES; A RECONNAISSANCE STUDY OF XENOLITHS FROM THE ORAPA KIMBERLITE, BOTSWANA",APPL. EARTH SCI.,,,,XENOLITH,UNKNOWN,UNKNOWN,ECLOGITE,-21.501,25.472,0.01,45.57,0.35,16.83,,,,7.59,14.99,9.43,1.77,0.09,0.0747,0.15,0.15,,,,,96.77,77.88,,848.1,4.15,,8.75,1.41,6.44,1.86,0.83,1.92,0.28,1.5,0.25,0.63,0.08,0.48,0.08,,,,,,,,19.3,,93.4,39.2,318,29.4,47.4,38.9,9.8,999,,0.3,,0.52,,,,,0.19,,,,7.2,,0.39,,0.59,0.87,0.16,,,,0.26,,,,,176.4,,4.88,,,,,,
PETDB-2169-U33/1,PETDB,10.1007/s00410-003-0529-z,"MULTI-STAGE METASOMATISM OF DIAMONDIFEROUS ECLOGITE XENOLITHS FROM THE UDACHNAYA KIMBERLITE PIPE, YAKUTIA, SIBERIA",CONTRIB. MINERAL. PETROL.,,,,XENOLITH,,,ECLOGITE,66.4,112.3,0.1,60.2,0.06,18.2,,,,1.03,0.9,7.3,0.09,4.24,3.5192,,0.12,,,,,92.14,60.90,0.03,,,,,,,,,,,,,,,,,,,,,,,,,,,,,,,,,,,,,,,,,,,,,,,,,,,,,,,,,,,,,,,,,,,,,
298R,GEOROC,10.1007/S00410-009-0384-7,DIAMONDS AND ECLOGITES OF THE JERICHO KIMBERLITE (NORTHERN CANADA),CONTRIB. MINERAL. PETROL.,,,,XENOLITH,UNKNOWN,UNKNOWN,ECLOGITE,65.9865,-111.482,0.01,41.08,0.42,23.36,,,,12.59,16.24,6.25,0.08,,0,,0.49,,,,,100.51,69.69,0,,,,,,,,,,,,,,,,,,,,,,,,,,,,,,,,,,,,,,,,,,,,,,,,,,,,,,,,,,,,,,,,,,,,,
611,GEOROC,10.1007/S00410-009-0384-7,DIAMONDS AND ECLOGITES OF THE JERICHO KIMBERLITE (NORTHERN CANADA),CONTRIB. MINERAL. PETROL.,,,,XENOLITH,UNKNOWN,UNKNOWN,ECLOGITE,65.9865,-111.482,0.01,41.8,0.29,22.87,,,,11.17,19.62,4.24,0.05,,0,,0.4,,,,,100.44,75.80,0.21,,,,,,,,,,,,,,,,,,,,,,,,,,,,,,,,,,,,,,,,,,,,,,,,,,,,,,,,,,,,,,,,,,,,,
344X,GEOROC,10.1007/S00410-009-0384-7,DIAMONDS AND ECLOGITES OF THE JERICHO KIMBERLITE (NORTHERN CANADA),CONTRIB. MINERAL. PETROL.,,,,XENOLITH,UNKNOWN,UNKNOWN,ECLOGITE,65.9865,-111.482,0.01,41.56,0.51,22.58,,,,11.07,19.59,4.62,0.08,,0,,0.33,,,,,100.34,75.93,0.35,,,,,,,,,,,,,,,,,,,,,,,,,,,,,,,,,,,,,,,,,,,,,,,,,,,,,,,,,,,,,,,,,,,,,
344X,GEOROC,10.1007/S00410-009-0384-7,DIAMONDS AND ECLOGITES OF THE JERICHO KIMBERLITE (NORTHERN CANADA),CONTRIB. MINERAL. PETROL.,,,,XENOLITH,UNKNOWN,UNKNOWN,ECLOGITE,65.9865,-111.482,0.01,41.67,0.53,22.55,,,,10.91,19.51,4.65,0.07,,0,,0.36,,,,,100.25,76.12,0.38,,,,,,,,,,,,,,,,,,,,,,,,,,,,,,,,,,,,,,,,,,,,,,,,,,,,,,,,,,,,,,,,,,,,,
302Q,GEOROC,10.1007/S00410-009-0384-7,DIAMONDS AND ECLOGITES OF THE JERICHO KIMBERLITE (NORTHERN CANADA),CONTRIB. MINERAL. PETROL.,,,,XENOLITH,UNKNOWN,UNKNOWN,ECLOGITE,65.9865,-111.482,0.01,40.28,0.77,21.2,,,,16.97,13.17,7.33,0.12,,0,,0.39,,,,,100.23,58.05,0,,,,,,,,,,,,,,,,,,,,,,,,,,,,,,,,,,,,,,,,,,,,,,,,,,,,,,,,,,,,,,,,,,,,,
344X,GEOROC,10.1007/S00410-009-0384-7,DIAMONDS AND ECLOGITES OF THE JERICHO KIMBERLITE (NORTHERN CANADA),CONTRIB. MINERAL. PETROL.,,,,XENOLITH,UNKNOWN,UNKNOWN,ECLOGITE,65.9865,-111.482,0.01,41.41,0.51,22.54,,,,10.93,19.7,4.74,0.08,,0,,0.32,,,,,100.23,76.27,0.36,,,,,,,,,,,,,,,,,,,,,,,,,,,,,,,,,,,,,,,,,,,,,,,,,,,,,,,,,,,,,,,,,,,,,
302Q,GEOROC,10.1007/S00410-009-0384-7,DIAMONDS AND ECLOGITES OF THE JERICHO KIMBERLITE (NORTHERN CANADA),CONTRIB. MINERAL. PETROL.,,,,XENOLITH,UNKNOWN,UNKNOWN,ECLOGITE,65.9865,-111.482,0.01,40.44,0.72,21.28,,,,17.02,13.08,7.15,0.11,,0,,0.42,,,,,100.22,57.81,0,,,,,,,,,,,,,,,,,,,,,,,,,,,,,,,,,,,,,,,,,,,,,,,,,,,,,,,,,,,,,,,,,,,,,
384R,GEOROC,10.1007/S00410-009-0384-7,DIAMONDS AND ECLOGITES OF THE JERICHO KIMBERLITE (NORTHERN CANADA),CONTRIB. MINERAL. PETROL.,,,,XENOLITH,UNKNOWN,UNKNOWN,ECLOGITE,65.9865,-111.482,0.01,41.23,0.63,22.15,,,,12.67,17.76,5.37,0.09,,0,,0.29,,,,,100.19,71.42,0,,,,,,,,,,,,,,,,,,,,,,,,,,,,,,,,,,,,,,,,,,,,,,,,,,,,,,,,,,,,,,,,,,,,,
384R,GEOROC,10.1007/S00410-009-0384-7,DIAMONDS AND ECLOGITES OF THE JERICHO KIMBERLITE (NORTHERN CANADA),CONTRIB. MINERAL. PETROL.,,,,XENOLITH,UNKNOWN,UNKNOWN,ECLOGITE,65.9865,-111.482,0.01,41.41,0.63,22.16,,,,12.43,17.9,5.2,0.09,,0,,0.34,,,,,100.16,71.97,0,,,,,,,,,,,,,,,,,,,,,,,,,,,,,,,,,,,,,,,,,,,,,,,,,,,,,,,,,,,,,,,,,,,,,
362Q,GEOROC,10.1007/S00410-009-0384-7,DIAMONDS AND ECLOGITES OF THE JERICHO KIMBERLITE (NORTHERN CANADA),CONTRIB. MINERAL. PETROL.,,,,XENOLITH,UNKNOWN,UNKNOWN,ECLOGITE,65.9865,-111.482,0.01,42.13,0.51,23.73,,,,8.65,20.67,4.09,0.07,,0,,0.29,,,,,100.14,80.99,0.28,,,,,,,,,,,,,,,,,,,,,,,,,,,,,,,,,,,,,,,,,,,,,,,,,,,,,,,,,,,,,,,,,,,,,
611,GEOROC,10.1007/S00410-009-0384-7,DIAMONDS AND ECLOGITES OF THE JERICHO KIMBERLITE (NORTHERN CANADA),CONTRIB. MINERAL. PETROL.,,,,XENOLITH,UNKNOWN,UNKNOWN,ECLOGITE,65.9865,-111.482,0.01,40.18,0.68,21.36,,,,17.46,13.13,6.75,0.12,,0,,0.44,,,,,100.12,57.28,0,,,,,,,,,,,,,,,,,,,,,,,,,,,,,,,,,,,,,,,,,,,,,,,,,,,,,,,,,,,,,,,,,,,,,
076G,GEOROC,10.1007/S00410-009-0384-7,DIAMONDS AND ECLOGITES OF THE JERICHO KIMBERLITE (NORTHERN CANADA),CONTRIB. MINERAL. PETROL.,,,,XENOLITH,UNKNOWN,UNKNOWN,ECLOGITE,65.9865,-111.482,0.01,40.1,0.61,21.25,,,,17.89,12.78,6.96,0.12,,0,,0.4,,,,,100.11,56.02,0,,,,,,,,,,,,,,,,,,,,,,,,,,,,,,,,,,,,,,,,,,,,,,,,,,,,,,,,,,,,,,,,,,,,,
344X,GEOROC,10.1007/S00410-009-0384-7,DIAMONDS AND ECLOGITES OF THE JERICHO KIMBERLITE (NORTHERN CANADA),CONTRIB. MINERAL. PETROL.,,,,XENOLITH,UNKNOWN,UNKNOWN,ECLOGITE,65.9865,-111.482,0.01,41.99,0.53,22.39,,,,10.53,19.77,4.51,0.07,,0,,0.32,,,,,100.11,77.00,0.38,,,,,,,,,,,,,,,,,,,,,,,,,,,,,,,,,,,,,,,,,,,,,,,,,,,,,,,,,,,,,,,,,,,,,
076G,GEOROC,10.1007/S00410-009-0384-7,DIAMONDS AND ECLOGITES OF THE JERICHO KIMBERLITE (NORTHERN CANADA),CONTRIB. MINERAL. PETROL.,,,,XENOLITH,UNKNOWN,UNKNOWN,ECLOGITE,65.9865,-111.482,0.01,40.11,0.61,21.26,,,,17.81,12.78,6.97,0.1,,0,,0.41,,,,,100.05,56.13,0,,,,,,,,,,,,,,,,,,,,,,,,,,,,,,,,,,,,,,,,,,,,,,,,,,,,,,,,,,,,,,,,,,,,,
611,GEOROC,10.1007/S00410-009-0384-7,DIAMONDS AND ECLOGITES OF THE JERICHO KIMBERLITE (NORTHERN CANADA),CONTRIB. MINERAL. PETROL.,,,,XENOLITH,UNKNOWN,UNKNOWN,ECLOGITE,65.9865,-111.482,0.01,40.01,0.68,21.34,,,,17.48,13.17,6.86,0.09,,0,,0.41,,,,,100.04,57.32,0,,,,,,,,,,,,,,,,,,,,,,,,,,,,,,,,,,,,,,,,,,,,,,,,,,,,,,,,,,,,,,,,,,,,,
302Q,GEOROC,10.1007/S00410-009-0384-7,DIAMONDS AND ECLOGITES OF THE JERICHO KIMBERLITE (NORTHERN CANADA),CONTRIB. MINERAL. PETROL.,,,,XENOLITH,UNKNOWN,UNKNOWN,ECLOGITE,65.9865,-111.482,0.01,40.28,0.78,21.2,,,,16.77,13.27,7.2,0.11,,0,,0.41,,,,,100.02,58.52,0,,,,,,,,,,,,,,,,,,,,,,,,,,,,,,,,,,,,,,,,,,,,,,,,,,,,,,,,,,,,,,,,,,,,,
284X,GEOROC,10.1007/S00410-009-0384-7,DIAMONDS AND ECLOGITES OF THE JERICHO KIMBERLITE (NORTHERN CANADA),CONTRIB. MINERAL. PETROL.,,,,XENOLITH,UNKNOWN,UNKNOWN,ECLOGITE,65.9865,-111.482,0.01,41.12,0.62,23.17,,,,11.69,18.02,4.98,0.08,,0,,0.34,,,,,100.02,73.32,0,,,,,,,,,,,,,,,,,,,,,,,,,,,,,,,,,,,,,,,,,,,,,,,,,,,,,,,,,,,,,,,,,,,,,
343P,GEOROC,10.1007/S00410-009-0384-7,DIAMONDS AND ECLOGITES OF THE JERICHO KIMBERLITE (NORTHERN CANADA),CONTRIB. MINERAL. PETROL.,,,,XENOLITH,UNKNOWN,UNKNOWN,ECLOGITE,65.9865,-111.482,0.01,41.41,0.01,0.01,,,,6.74,51.69,0.01,0.01,0,0,,0.07,,,,,99.95,93.18,0,,,0.09,,,,,,,,,,,,,,,,,,,,,,,,,,,,,,,,,,,,,,,,,,,,,,,,,,,,,,,,,,,,,,,,,,
344X,GEOROC,10.1007/S00410-009-0384-7,DIAMONDS AND ECLOGITES OF THE JERICHO KIMBERLITE (NORTHERN CANADA),CONTRIB. MINERAL. PETROL.,,,,XENOLITH,UNKNOWN,UNKNOWN,ECLOGITE,65.9865,-111.482,0.01,41.38,0.53,22.42,,,,11.35,19.05,4.74,0.07,,0,,0.37,,,,,99.91,74.95,0.34,,,,,,,,,,,,,,,,,,,,,,,,,,,,,,,,,,,,,,,,,,,,,,,,,,,,,,,,,,,,,,,,,,,,,
344X,GEOROC,10.1007/S00410-009-0384-7,DIAMONDS AND ECLOGITES OF THE JERICHO KIMBERLITE (NORTHERN CANADA),CONTRIB. MINERAL. PETROL.,,,,XENOLITH,UNKNOWN,UNKNOWN,ECLOGITE,65.9865,-111.482,0.01,41.7,0.51,22.4,,,,10.86,19.39,4.63,0.08,,0,,0.34,,,,,99.91,76.10,0.33,,,,,,,,,,,,,,,,,,,,,,,,,,,,,,,,,,,,,,,,,,,,,,,,,,,,,,,,,,,,,,,,,,,,,
405X,GEOROC,10.1007/S00410-009-0384-7,DIAMONDS AND ECLOGITES OF THE JERICHO KIMBERLITE (NORTHERN CANADA),CONTRIB. MINERAL. PETROL.,,,,XENOLITH,UNKNOWN,UNKNOWN,ECLOGITE,65.9865,-111.482,0.01,40.03,0.8,22.17,,,,15.82,13.99,6.53,0.12,,0,,0.39,,,,,99.85,61.19,0,,,,,,,,,,,,,,,,,,,,,,,,,,,,,,,,,,,,,,,,,,,,,,,,,,,,,,,,,,,,,,,,,,,,,
343P,GEOROC,10.1007/S00410-009-0384-7,DIAMONDS AND ECLOGITES OF THE JERICHO KIMBERLITE (NORTHERN CANADA),CONTRIB. MINERAL. PETROL.,,,,XENOLITH,UNKNOWN,UNKNOWN,ECLOGITE,65.9865,-111.482,0.01,41.11,0.03,0.01,,,,6.87,0.05,51.75,0.03,0,0,,,,,,,99.85,1.28,0,,,0.06,,,,,,,,,,,,,,,,,,,,,,,,,,,,,,,,,,,,,,,,,,,,,,,,,,,,,,,,,,,,,,,,,,
298R,GEOROC,10.1007/S00410-009-0384-7,DIAMONDS AND ECLOGITES OF THE JERICHO KIMBERLITE (NORTHERN CANADA),CONTRIB. MINERAL. PETROL.,,,,XENOLITH,UNKNOWN,UNKNOWN,ECLOGITE,65.9865,-111.482,0.01,39.88,0.8,22.13,,,,16.22,13.35,6.9,0.11,,0,,0.43,,,,,99.82,59.47,0,,,,,,,,,,,,,,,,,,,,,,,,,,,,,,,,,,,,,,,,,,,,,,,,,,,,,,,,,,,,,,,,,,,,,
284X,GEOROC,10.1007/S00410-009-0384-7,DIAMONDS AND ECLOGITES OF THE JERICHO KIMBERLITE (NORTHERN CANADA),CONTRIB. MINERAL. PETROL.,,,,XENOLITH,UNKNOWN,UNKNOWN,ECLOGITE,65.9865,-111.482,0.01,41.03,0.6,23.04,,,,11.86,17.9,4.89,0.09,,0,,0.35,,,,,99.76,72.91,0,,,,,,,,,,,,,,,,,,,,,,,,,,,,,,,,,,,,,,,,,,,,,,,,,,,,,,,,,,,,,,,,,,,,,
076G,GEOROC,10.1007/S00410-009-0384-7,DIAMONDS AND ECLOGITES OF THE JERICHO KIMBERLITE (NORTHERN CANADA),CONTRIB. MINERAL. PETROL.,,,,XENOLITH,UNKNOWN,UNKNOWN,ECLOGITE,65.9865,-111.482,0.01,40.09,0.62,21.16,,,,17.69,12.76,6.93,0.1,,0,,0.37,,,,,99.72,56.26,0,,,,,,,,,,,,,,,,,,,,,,,,,,,,,,,,,,,,,,,,,,,,,,,,,,,,,,,,,,,,,,,,,,,,,
362Q,GEOROC,10.1007/S00410-009-0384-7,DIAMONDS AND ECLOGITES OF THE JERICHO KIMBERLITE (NORTHERN CANADA),CONTRIB. MINERAL. PETROL.,,,,XENOLITH,UNKNOWN,UNKNOWN,ECLOGITE,65.9865,-111.482,0.01,41.92,0.49,23.49,,,,8.63,20.68,4.1,0.06,,0,,0.32,,,,,99.69,81.03,0.28,,,,,,,,,,,,,,,,,,,,,,,,,,,,,,,,,,,,,,,,,,,,,,,,,,,,,,,,,,,,,,,,,,,,,
58,GEOROC,10.1007/S00410-009-0384-7,DIAMONDS AND ECLOGITES OF THE JERICHO KIMBERLITE (NORTHERN CANADA),CONTRIB. MINERAL. PETROL.,,,,XENOLITH,UNKNOWN,UNKNOWN,ECLOGITE,65.9865,-111.482,0.01,40.23,0.69,22.26,,,,15.34,15.12,5.54,0.11,,0,,0.39,,,,,99.68,63.73,0,,,,,,,,,,,,,,,,,,,,,,,,,,,,,,,,,,,,,,,,,,,,,,,,,,,,,,,,,,,,,,,,,,,,,
362Q,GEOROC,10.1007/S00410-009-0384-7,DIAMONDS AND ECLOGITES OF THE JERICHO KIMBERLITE (NORTHERN CANADA),CONTRIB. MINERAL. PETROL.,,,,XENOLITH,UNKNOWN,UNKNOWN,ECLOGITE,65.9865,-111.482,0.01,56.92,0.1,0.43,,,,7.17,34.35,0.49,0.05,0.01,0.0083,,0.16,,,,,99.68,89.52,0,,,,,,,,,,,,,,,,,,,,,,,,,,,,,,,,,,,,,,,,,,,,,,,,,,,,,,,,,,,,,,,,,,,,,
284X,GEOROC,10.1007/S00410-009-0384-7,DIAMONDS AND ECLOGITES OF THE JERICHO KIMBERLITE (NORTHERN CANADA),CONTRIB. MINERAL. PETROL.,,,,XENOLITH,UNKNOWN,UNKNOWN,ECLOGITE,65.9865,-111.482,0.01,40.88,0.6,22.96,,,,12.09,17.71,5,0.09,,0,,0.31,,,,,99.64,72.31,0,,,,,,,,,,,,,,,,,,,,,,,,,,,,,,,,,,,,,,,,,,,,,,,,,,,,,,,,,,,,,,,,,,,,,
284X,GEOROC,10.1007/S00410-009-0384-7,DIAMONDS AND ECLOGITES OF THE JERICHO KIMBERLITE (NORTHERN CANADA),CONTRIB. MINERAL. PETROL.,,,,XENOLITH,UNKNOWN,UNKNOWN,ECLOGITE,65.9865,-111.482,0.01,40.74,0.61,23.1,,,,11.96,17.88,4.95,0.08,,0,,0.31,,,,,99.63,72.72,0,,,,,,,,,,,,,,,,,,,,,,,,,,,,,,,,,,,,,,,,,,,,,,,,,,,,,,,,,,,,,,,,,,,,,
384R,GEOROC,10.1007/S00410-009-0384-7,DIAMONDS AND ECLOGITES OF THE JERICHO KIMBERLITE (NORTHERN CANADA),CONTRIB. MINERAL. PETROL.,,,,XENOLITH,UNKNOWN,UNKNOWN,ECLOGITE,65.9865,-111.482,0.01,54.56,0.19,2.6,,,,5.16,17.24,18.07,1.61,0.08,0.0664,,0.09,,,,,99.6,85.63,0,,,,,,,,,,,,,,,,,,,,,,,,,,,,,,,,,,,,,,,,,,,,,,,,,,,,,,,,,,,,,,,,,,,,,
344X,GEOROC,10.1007/S00410-009-0384-7,DIAMONDS AND ECLOGITES OF THE JERICHO KIMBERLITE (NORTHERN CANADA),CONTRIB. MINERAL. PETROL.,,,,XENOLITH,UNKNOWN,UNKNOWN,ECLOGITE,65.9865,-111.482,0.01,55,0.21,2.67,,,,3.67,16.08,20.04,1.73,0.15,0.1245,,0.04,,,,,99.59,88.65,0.17,,,,,,,,,,,,,,,,,,,,,,,,,,,,,,,,,,,,,,,,,,,,,,,,,,,,,,,,,,,,,,,,,,,,,
405X,GEOROC,10.1007/S00410-009-0384-7,DIAMONDS AND ECLOGITES OF THE JERICHO KIMBERLITE (NORTHERN CANADA),CONTRIB. MINERAL. PETROL.,,,,XENOLITH,UNKNOWN,UNKNOWN,ECLOGITE,65.9865,-111.482,0.01,39.9,0.72,21.94,,,,16.43,13.13,6.87,0.12,,0,,0.38,,,,,99.49,58.76,0,,,,,,,,,,,,,,,,,,,,,,,,,,,,,,,,,,,,,,,,,,,,,,,,,,,,,,,,,,,,,,,,,,,,,
280X,GEOROC,10.1007/S00410-009-0384-7,DIAMONDS AND ECLOGITES OF THE JERICHO KIMBERLITE (NORTHERN CANADA),CONTRIB. MINERAL. PETROL.,,,,XENOLITH,UNKNOWN,UNKNOWN,ECLOGITE,65.9865,-111.482,0.01,39.44,0.74,21.94,,,,17.16,12.82,6.84,0.11,,0,,0.4,,,,,99.45,57.12,0,,,,,,,,,,,,,,,,,,,,,,,,,,,,,,,,,,,,,,,,,,,,,,,,,,,,,,,,,,,,,,,,,,,,,
284X,GEOROC,10.1007/S00410-009-0384-7,DIAMONDS AND ECLOGITES OF THE JERICHO KIMBERLITE (NORTHERN CANADA),CONTRIB. MINERAL. PETROL.,,,,XENOLITH,UNKNOWN,UNKNOWN,ECLOGITE,65.9865,-111.482,0.01,40.75,0.59,23.03,,,,11.93,17.8,4.91,0.08,,0,,0.34,,,,,99.43,72.68,0,,,,,,,,,,,,,,,,,,,,,,,,,,,,,,,,,,,,,,,,,,,,,,,,,,,,,,,,,,,,,,,,,,,,,
284X,GEOROC,10.1007/S00410-009-0384-7,DIAMONDS AND ECLOGITES OF THE JERICHO KIMBERLITE (NORTHERN CANADA),CONTRIB. MINERAL. PETROL.,,,,XENOLITH,UNKNOWN,UNKNOWN,ECLOGITE,65.9865,-111.482,0.01,40.96,0.58,23.03,,,,11.54,17.86,4.95,0.09,,0,,0.3,,,,,99.31,73.40,0,,,,,,,,,,,,,,,,,,,,,,,,,,,,,,,,,,,,,,,,,,,,,,,,,,,,,,,,,,,,,,,,,,,,,
363R,GEOROC,10.1007/S00410-009-0384-7,DIAMONDS AND ECLOGITES OF THE JERICHO KIMBERLITE (NORTHERN CANADA),CONTRIB. MINERAL. PETROL.,,,,XENOLITH,UNKNOWN,UNKNOWN,ECLOGITE,65.9865,-111.482,0.01,41.08,0.58,22.85,,,,11.91,18.13,4.32,0.06,,0,,0.37,,,,,99.3,73.07,0.18,,,,,,,,,,,,,,,,,,,,,,,,,,,,,,,,,,,,,,,,,,,,,,,,,,,,,,,,,,,,,,,,,,,,,
399X,GEOROC,10.1007/S00410-009-0384-7,DIAMONDS AND ECLOGITES OF THE JERICHO KIMBERLITE (NORTHERN CANADA),CONTRIB. MINERAL. PETROL.,,,,XENOLITH,UNKNOWN,UNKNOWN,ECLOGITE,65.9865,-111.482,0.01,41.83,0.48,23.15,,,,8.72,20.46,4.28,0.06,,0,,0.28,,,,,99.26,80.71,0.78,,,,,,,,,,,,,,,,,,,,,,,,,,,,,,,,,,,,,,,,,,,,,,,,,,,,,,,,,,,,,,,,,,,,,
399X,GEOROC,10.1007/S00410-009-0384-7,DIAMONDS AND ECLOGITES OF THE JERICHO KIMBERLITE (NORTHERN CANADA),CONTRIB. MINERAL. PETROL.,,,,XENOLITH,UNKNOWN,UNKNOWN,ECLOGITE,65.9865,-111.482,0.01,41.84,0.29,23.61,,,,8.44,20.53,4.11,0.05,,0,,0.32,,,,,99.19,81.26,0.69,,,,,,,,,,,,,,,,,,,,,,,,,,,,,,,,,,,,,,,,,,,,,,,,,,,,,,,,,,,,,,,,,,,,,
256X,GEOROC,10.1007/S00410-009-0384-7,DIAMONDS AND ECLOGITES OF THE JERICHO KIMBERLITE (NORTHERN CANADA),CONTRIB. MINERAL. PETROL.,,,,XENOLITH,UNKNOWN,UNKNOWN,ECLOGITE,65.9865,-111.482,0.01,54.37,0.21,2.37,,,,3.16,16.91,20.57,1.38,0.09,0.0747,,0.08,,,,,99.14,90.51,0,,,,,,,,,,,,,,,,,,,,,,,,,,,,,,,,,,,,,,,,,,,,,,,,,,,,,,,,,,,,,,,,,,,,,
256X,GEOROC,10.1007/S00410-009-0384-7,DIAMONDS AND ECLOGITES OF THE JERICHO KIMBERLITE (NORTHERN CANADA),CONTRIB. MINERAL. PETROL.,,,,XENOLITH,UNKNOWN,UNKNOWN,ECLOGITE,65.9865,-111.482,0.01,54.34,0.2,2.39,,,,3.15,16.91,20.53,1.39,0.08,0.0664,,0.09,,,,,99.08,90.54,0,,,,,,,,,,,,,,,,,,,,,,,,,,,,,,,,,,,,,,,,,,,,,,,,,,,,,,,,,,,,,,,,,,,,,
399X,GEOROC,10.1007/S00410-009-0384-7,DIAMONDS AND ECLOGITES OF THE JERICHO KIMBERLITE (NORTHERN CANADA),CONTRIB. MINERAL. PETROL.,,,,XENOLITH,UNKNOWN,UNKNOWN,ECLOGITE,65.9865,-111.482,0.01,41.82,0.48,23.2,,,,8.41,20.52,4.21,0.07,,0,,0.31,,,,,99.02,81.31,0.71,,,,,,,,,,,,,,,,,,,,,,,,,,,,,,,,,,,,,,,,,,,,,,,,,,,,,,,,,,,,,,,,,,,,,
1716,GEOROC,10.1007/S00410-009-0384-7,DIAMONDS AND ECLOGITES OF THE JERICHO KIMBERLITE (NORTHERN CANADA),CONTRIB. MINERAL. PETROL.,,,,XENOLITH,UNKNOWN,UNKNOWN,ECLOGITE,65.9865,-111.482,0.01,38.78,0.61,21.8,,,,18.13,11.5,7.45,0.11,,0,,0.47,,,,,98.85,53.07,0,,,,,,,,,,,,,,,,,,,,,,,,,,,,,,,,,,,,,,,,,,,,,,,,,,,,,,,,,,,,,,,,,,,,,
399X,GEOROC,10.1007/S00410-009-0384-7,DIAMONDS AND ECLOGITES OF THE JERICHO KIMBERLITE (NORTHERN CANADA),CONTRIB. MINERAL. PETROL.,,,,XENOLITH,UNKNOWN,UNKNOWN,ECLOGITE,65.9865,-111.482,0.01,41.52,0.52,23.02,,,,8.6,20.48,4.21,0.07,,0,,0.27,,,,,98.69,80.94,0.69,,,,,,,,,,,,,,,,,,,,,,,,,,,,,,,,,,,,,,,,,,,,,,,,,,,,,,,,,,,,,,,,,,,,,
399X,GEOROC,10.1007/S00410-009-0384-7,DIAMONDS AND ECLOGITES OF THE JERICHO KIMBERLITE (NORTHERN CANADA),CONTRIB. MINERAL. PETROL.,,,,XENOLITH,UNKNOWN,UNKNOWN,ECLOGITE,65.9865,-111.482,0.01,41.36,0.51,23.03,,,,8.54,20.54,4.28,0.06,,0,,0.31,,,,,98.63,81.09,0.66,,,,,,,,,,,,,,,,,,,,,,,,,,,,,,,,,,,,,,,,,,,,,,,,,,,,,,,,,,,,,,,,,,,,,
2860,GEOROC,10.1007/S00410-009-0384-7,DIAMONDS AND ECLOGITES OF THE JERICHO KIMBERLITE (NORTHERN CANADA),CONTRIB. MINERAL. PETROL.,,,,XENOLITH,UNKNOWN,UNKNOWN,ECLOGITE,65.9865,-111.482,0.01,40.84,0.54,22.75,,,,10.03,19.54,4.29,0.06,,0,,0.3,,,,,98.35,77.65,0.81,,,,,,,,,,,,,,,,,,,,,,,,,,,,,,,,,,,,,,,,,,,,,,,,,,,,,,,,,,,,,,,,,,,,,
116X,GEOROC,10.1007/S00410-009-0384-7,DIAMONDS AND ECLOGITES OF THE JERICHO KIMBERLITE (NORTHERN CANADA),CONTRIB. MINERAL. PETROL.,,,,XENOLITH,UNKNOWN,UNKNOWN,ECLOGITE,65.9865,-111.482,0.01,53.73,0.42,4.91,,,,3.57,13.91,17.02,3.38,,0,,0.1,,,,,97.04,87.42,1.23,,,,,,,,,,,,,,,,,,,,,,,,,,,,,,,,,,,,,,,,,,,,,,,,,,,,,,,,,,,,,,,,,,,,,
284X,GEOROC,10.1007/S00410-009-0384-7,DIAMONDS AND ECLOGITES OF THE JERICHO KIMBERLITE (NORTHERN CANADA),CONTRIB. MINERAL. PETROL.,,,,XENOLITH,UNKNOWN,UNKNOWN,ECLOGITE,65.9865,-111.482,0.01,41.79,2.21,12.58,,,,3.98,24.46,0,0.44,9.8,8.134,,0,,,,,95.26,91.64,0.47,,,,,,,,,,,,,,,,,,,,,,0.01,0.04,,,,,,,,,,,,,,,,,,,,,,,,,,,,,,,,,,,,,,,,,,,,,,
343P,GEOROC,10.1007/S00410-009-0384-7,DIAMONDS AND ECLOGITES OF THE JERICHO KIMBERLITE (NORTHERN CANADA),CONTRIB. MINERAL. PETROL.,,,,XENOLITH,UNKNOWN,UNKNOWN,ECLOGITE,65.9865,-111.482,0.01,41.75,2.27,12.24,,,,4.1,24.28,0.05,0.5,9.84,8.1672,,0.01,,,,,95.04,91.35,0.42,,,,,,,,,,,,,,,,,,,,,,0.1,0.07,,,,,,,,,,,,,,,,,,,,,,,,,,,,,,,,,,,,,,,,,,,,,,
362Q,GEOROC,10.1007/S00410-009-0384-7,DIAMONDS AND ECLOGITES OF THE JERICHO KIMBERLITE (NORTHERN CANADA),CONTRIB. MINERAL. PETROL.,,,,XENOLITH,UNKNOWN,UNKNOWN,ECLOGITE,65.9865,-111.482,0.01,41.1,0.9,14.34,,,,3.87,24.02,0,0.48,9.96,8.2668,,0,,,,,94.67,91.71,0.31,,,,,,,,,,,,,,,,,,,,,,0.07,0.22,,,,,,,,,,,,,,,,,,,,,,,,,,,,,,,,,,,,,,,,,,,,,,
362Q,GEOROC,10.1007/S00410-009-0384-7,DIAMONDS AND ECLOGITES OF THE JERICHO KIMBERLITE (NORTHERN CANADA),CONTRIB. MINERAL. PETROL.,,,,XENOLITH,UNKNOWN,UNKNOWN,ECLOGITE,65.9865,-111.482,0.01,40.56,1.31,13.9,,,,3.87,23.94,0,0.43,10.16,8.4328,,0,,,,,94.17,91.69,0.51,,,,,,,,,,,,,,,,,,,,,,0.1,0.15,,,,,,,,,,,,,,,,,,,,,,,,,,,,,,,,,,,,,,,,,,,,,,
R113,GEOROC,10.1007/BF00377416,"GRANULITIC AND ECLOGITIC INCLUSIONS FROM BASIC PIPES AT DELEGATE, AUSTRALIA",CONTRIB. MINERAL. PETROL.,,,,XENOLITH,UNKNOWN,UNKNOWN,ECLOGITE,-36.5,148.5,0.01,45.13,1.91,13.02,5.99,,5.88,11.26501,11.81,14.37,1.49,0.14,0.1162,0.24,0.3,,,,,99.43501,65.15,0.06,,,,,,,,,,,,,,,,,,,,,,,,,,,,,,,,,,,,,,,,,,,,,,,,,,,,,,,,,,,,,,,,,,,,,
R117,GEOROC,10.1007/BF00377416,"GRANULITIC AND ECLOGITIC INCLUSIONS FROM BASIC PIPES AT DELEGATE, AUSTRALIA",CONTRIB. MINERAL. PETROL.,,,,XENOLITH,UNKNOWN,UNKNOWN,ECLOGITE,-36.5,148.5,0.01,44.51,0.92,15.15,5.83,,6.49,11.73117,12.25,13.13,1.3,0.17,0.1411,0.08,0.21,,,,,99.37117,65.06,0.28,,,,,,,,,,,,,,,,,,,,,,,,,,,,,,,,,,,,,,,,,,,,,,,,,,,,,,,,,,,,,,,,,,,,,
R11,GEOROC,10.1007/BF00377416,"GRANULITIC AND ECLOGITIC INCLUSIONS FROM BASIC PIPES AT DELEGATE, AUSTRALIA",CONTRIB. MINERAL. PETROL.,,,,XENOLITH,UNKNOWN,UNKNOWN,ECLOGITE,-36.5,148.5,0.01,45.09,1.26,12.53,7.62,,8.21,15.06038,10.12,12.37,2.02,0.17,0.1411,0.34,0.23,,,,,98.85038,54.50,0.03,,,,,,,,,,,,,,,,,,,,,,,,,,,,,,,,,,,,,,,,,,,,,,,,,,,,,,,,,,,,,,,,,,,,,
R396,GEOROC,10.1007/BF00377416,"GRANULITIC AND ECLOGITIC INCLUSIONS FROM BASIC PIPES AT DELEGATE, AUSTRALIA",CONTRIB. MINERAL. PETROL.,,,,XENOLITH,UNKNOWN,UNKNOWN,ECLOGITE,-36.5,148.5,0.01,44.12,0.31,19.04,1.01,,5.88,6.78799,14.62,12.8,0.83,0.08,0.0664,0.02,0.13,,,,,98.71799,79.34,,,,,,,,,,,,,,,,,,,,,,,,,,,,,,,,,,,,,,,,,,,,,,,,,,,,,,,,,,,,,,,,,,,,,,
R829,GEOROC,10.1007/BF00377416,"GRANULITIC AND ECLOGITIC INCLUSIONS FROM BASIC PIPES AT DELEGATE, AUSTRALIA",CONTRIB. MINERAL. PETROL.,,,,XENOLITH,UNKNOWN,UNKNOWN,ECLOGITE,-36.5,148.5,0.01,45.84,0.55,16.28,2.13,,4.02,5.93487,13.71,14.34,1.8,0.12,0.0996,0.02,0.11,,,,,98.68487,80.46,,,,,,,,,,,,,,,,,,,,,,,,,,,,,,,,,,,,,,,,,,,,,,,,,,,,,,,,,,,,,,,,,,,,,,
R392,GEOROC,10.1007/BF00377416,"GRANULITIC AND ECLOGITIC INCLUSIONS FROM BASIC PIPES AT DELEGATE, AUSTRALIA",CONTRIB. MINERAL. PETROL.,,,,XENOLITH,UNKNOWN,UNKNOWN,ECLOGITE,-36.5,148.5,0.01,46.12,0.44,15.05,1.49,,4.87,6.20951,15.09,14.61,0.82,0.22,0.1826,0.04,0.11,,,,,98.66951,81.25,0.16,,,,,,,,,,,,,,,,,,,,,,,,,,,,,,,,,,,,,,,,,,,,,,,,,,,,,,,,,,,,,,,,,,,,,
R834,GEOROC,10.1007/BF00377416,"GRANULITIC AND ECLOGITIC INCLUSIONS FROM BASIC PIPES AT DELEGATE, AUSTRALIA",CONTRIB. MINERAL. PETROL.,,,,XENOLITH,UNKNOWN,UNKNOWN,ECLOGITE,-36.5,148.5,0.01,46.26,0.73,11.89,2.89,,4.52,7.11811,14.47,16.23,1.57,0.05,0.0415,0.05,0.17,,,,,98.48811,78.38,,,,,,,,,,,,,,,,,,,,,,,,,,,,,,,,,,,,,,,,,,,,,,,,,,,,,,,,,,,,,,,,,,,,,,
R419,GEOROC,10.1007/BF00377416,"GRANULITIC AND ECLOGITIC INCLUSIONS FROM BASIC PIPES AT DELEGATE, AUSTRALIA",CONTRIB. MINERAL. PETROL.,,,,XENOLITH,UNKNOWN,UNKNOWN,ECLOGITE,21.34,-157.92,0.01,42.28,0.09,15.86,4.19,,8.54,12.30681,14.73,11.79,0.94,0.03,0.0249,0.05,0.19,,,,,98.21681,68.09,0.09,,,,,,,,,,,,,,,,,,,,,,,,,,,,,,,,,,,,,,,,,,,,,,,,,,,,,,,,,,,,,,,,,,,,,
KEC-81-21,GEOROC,10.1007/BF01041749,"PETROCHEMISTRY OF ECLOGITES FROM THE KOIDU KIMBERLITE COMPLEX, SIERRA LEONE",CONTRIB. MINERAL. PETROL.,,,,XENOLITH,UNKNOWN,UNKNOWN,ECLOGITE,8.6311,-10.9652,0.01,48.75,0.56,13.8,,,,10.99,12.16,11.13,2.57,0.29,0.2407,0.05,0.2,,,,,100.45,66.36,,544,3,,22,,,,,,,,,,,,,,,,,,,,,,250,,259,74,,28,12,105,,,,,,,,,0,,,,13.6,,,,,,,5,,,0,,,8.8,,107,,44,,,,,,
KEC86-13,GEOROC,10.1007/BF01041749,"PETROCHEMISTRY OF ECLOGITES FROM THE KOIDU KIMBERLITE COMPLEX, SIERRA LEONE",CONTRIB. MINERAL. PETROL.,,,,XENOLITH,UNKNOWN,UNKNOWN,ECLOGITE,8.6311,-10.9652,0.01,48.07,0.74,14.16,,,,13.78,10.14,10.68,2.02,0.59,0.4897,0.07,0.26,,,,,100.44,56.75,,208,9,,19,,,,,,,,,,,,,,,,,,,,,,360,,117,75,,45,12,412,,,,,,,,,0,,,,26.4,,,,,,,5,,,0,,,12.6,,150,,186,,,,,,
KEC81-5,GEOROC,10.1007/BF01041749,"PETROCHEMISTRY OF ECLOGITES FROM THE KOIDU KIMBERLITE COMPLEX, SIERRA LEONE",CONTRIB. MINERAL. PETROL.,,,,XENOLITH,UNKNOWN,UNKNOWN,ECLOGITE,8.6311,-10.9652,0.01,43.66,0.72,17.15,,,,16.22,10.35,10.73,0.87,0.37,0.3071,0.03,0.31,,,,,100.38,53.22,,830,0,,18,,,,,,,,,,,,,,,,,,,,,,275,,110,98,,18,14,100,,,,,,,,,0,,,,24.4,,,,,,,5,,,0,,,14,,56,,10,,,,,,
KEC81-10A,GEOROC,10.1007/BF01041749,"PETROCHEMISTRY OF ECLOGITES FROM THE KOIDU KIMBERLITE COMPLEX, SIERRA LEONE",CONTRIB. MINERAL. PETROL.,,,,XENOLITH,UNKNOWN,UNKNOWN,ECLOGITE,8.6311,-10.9652,0.01,50.13,0.46,13.78,,,,8.34,11.44,12.06,3.24,0.73,0.6059,0.06,0.17,,,,,100.35,70.98,,353,16,,23,,,,,,,,,,,,,,,,,,,,,,252,,170,51,,46,12,378,,,,,,,,,0,,,,9.3,,,,,,,4,,,0,,,22.8,,220,,16,,,,,,
KEC-86-19,GEOROC,10.1007/BF01041749,"PETROCHEMISTRY OF ECLOGITES FROM THE KOIDU KIMBERLITE COMPLEX, SIERRA LEONE",CONTRIB. MINERAL. PETROL.,,,,XENOLITH,UNKNOWN,UNKNOWN,ECLOGITE,8.6311,-10.9652,0.01,47.73,0.32,13.67,,,,8.17,16.29,12.49,0.88,0.48,0.3984,0.05,0.32,,,,,100.35,78.05,,1079,4,,27,,,,,,,,,,,,,,,,,,,,,,209,,265,20,,73,12,242,,,,,,,,,0,,,,43.1,,,,,,,6,,,0,,,15,,123,,12,,,,,,
KEC-86-KB-74A,GEOROC,10.1007/BF01041749,"PETROCHEMISTRY OF ECLOGITES FROM THE KOIDU KIMBERLITE COMPLEX, SIERRA LEONE",CONTRIB. MINERAL. PETROL.,,,,XENOLITH,UNKNOWN,UNKNOWN,ECLOGITE,8.6311,-10.9652,0.01,46.03,0.45,26.71,,,,6.28,6.19,11.72,2.4,0.47,0.3901,0.03,0.09,,,,,100.34,63.73,,147,4,,8,,,,,,,,,,,,,,,,,,,,,,102,,159,70,,36,18,248,,,,,,,,,0,,,,4.2,,,,,,,2,,,,,,21.4,,380,,8,,,,,,
KEC-86-90,GEOROC,10.1007/BF01041749,"PETROCHEMISTRY OF ECLOGITES FROM THE KOIDU KIMBERLITE COMPLEX, SIERRA LEONE",CONTRIB. MINERAL. PETROL.,,,,XENOLITH,UNKNOWN,UNKNOWN,ECLOGITE,8.6311,-10.9652,0.01,43.99,0.62,18.95,,,,10.61,18.13,7.06,0.42,0.28,0.2324,0.04,0.26,,,,,100.32,75.29,,506,2,,19,,,,,,,,,,,,,,,,,,,,,,206,,299,26,,23,12,89,,,,,,,,,0,,,,15.2,,,,,,,4,,,0,,,8.4,,50,,8,,,,,,
KEC81-2,GEOROC,10.1007/BF01041749,"PETROCHEMISTRY OF ECLOGITES FROM THE KOIDU KIMBERLITE COMPLEX, SIERRA LEONE",CONTRIB. MINERAL. PETROL.,,,,XENOLITH,UNKNOWN,UNKNOWN,ECLOGITE,8.6311,-10.9652,0.01,47.39,1,12.72,,,,9.42,16.68,11.07,1.18,0.57,0.4731,0.18,0.23,,,,,100.26,75.94,,392,24,,64,,,,,,,,,,,,,,,,,,,,,,316,,221,35,,44,11,435,,,,,,,,,0,,,,16.9,,,,,,,4,,,0,,,15.6,,266,,48,,,,,,
KEC-81-12,GEOROC,10.1007/BF01041749,"PETROCHEMISTRY OF ECLOGITES FROM THE KOIDU KIMBERLITE COMPLEX, SIERRA LEONE",CONTRIB. MINERAL. PETROL.,,,,XENOLITH,UNKNOWN,UNKNOWN,ECLOGITE,8.6311,-10.9652,0.01,46.7,1.41,14.88,,,,15.67,7.62,11.07,1.85,0.73,0.6059,0.16,0.31,,,,,100.24,46.44,,211,7,,22,,,,,,,,,,,,,,,,,,,,,,454,,143,127,,63,18,393,,,,,,,,,0,,,,39.5,,,,,,,4,,,0,,,13.8,,153,,6,,,,,,
KEC-86-72B,GEOROC,10.1007/BF01041749,"PETROCHEMISTRY OF ECLOGITES FROM THE KOIDU KIMBERLITE COMPLEX, SIERRA LEONE",CONTRIB. MINERAL. PETROL.,,,,XENOLITH,UNKNOWN,UNKNOWN,ECLOGITE,8.6311,-10.9652,0.01,46.41,0.76,14.34,,,,13.83,9.5,12.79,2.11,0.23,0.1909,0.04,0.26,,,,,100.23,55.05,,332,4,,18,,,,,,,,,,,,,,,,,,,,,,310,,104,88,,35,15,85,,,,,,,,,0,,,,21.6,,,,,,,5,,,0,,,8.5,,117,,44,,,,,,
KEC-86-71B,GEOROC,10.1007/BF01041749,"PETROCHEMISTRY OF ECLOGITES FROM THE KOIDU KIMBERLITE COMPLEX, SIERRA LEONE",CONTRIB. MINERAL. PETROL.,,,,XENOLITH,UNKNOWN,UNKNOWN,ECLOGITE,8.6311,-10.9652,0.01,46.1,0.56,17.8,,,,11.04,9.75,12.57,1.32,0.86,0.7138,0.05,0.23,,,,,100.23,61.16,,294,3,,22,,,,,,,,,,,,,,,,,,,,,,191,,156,69,,50,13,817,,,,,,,,,0,,,,20.8,,,,,,,3,,,0,,,15.3,,170,,20,,,,,,
KEC-86-58,GEOROC,10.1007/BF01041749,"PETROCHEMISTRY OF ECLOGITES FROM THE KOIDU KIMBERLITE COMPLEX, SIERRA LEONE",CONTRIB. MINERAL. PETROL.,,,,XENOLITH,UNKNOWN,UNKNOWN,ECLOGITE,8.6311,-10.9652,0.01,48.59,0.34,14.12,,,,4.56,19.62,11.57,1.04,0.17,0.1411,0.03,0.19,,,,,100.2,88.47,,1147,17,,50,,,,,,,,,,,,,,,,,,,,,,333,,259,13,,17,10,178,,,,,,,,,0,,,,18.9,,,,,,,6,,,0,,,3.3,,235,,11,,,,,,
KEC-80-DB-D1,GEOROC,10.1007/BF01041749,"PETROCHEMISTRY OF ECLOGITES FROM THE KOIDU KIMBERLITE COMPLEX, SIERRA LEONE",CONTRIB. MINERAL. PETROL.,,,,XENOLITH,UNKNOWN,UNKNOWN,ECLOGITE,8.6311,-10.9652,0.01,46.25,0.86,14.57,,,,12.83,10.94,12.96,1.12,0.4,0.332,0.04,0.24,,,,,100.17,60.32,,437,5,,14,,,,,,,,,,,,,,,,,,,,,,305,,229,100,,46,13,215,,,,,,,,,0,,,,16.9,,,,,,,5,,,0,,,13.1,,94,,12,,,,,,
KEC-81-8,GEOROC,10.1007/BF01041749,"PETROCHEMISTRY OF ECLOGITES FROM THE KOIDU KIMBERLITE COMPLEX, SIERRA LEONE",CONTRIB. MINERAL. PETROL.,,,,XENOLITH,UNKNOWN,UNKNOWN,ECLOGITE,8.6311,-10.9652,0.01,47.47,0.89,15.61,,,,10.61,10.08,12.3,2.17,0.84,0.6972,0.04,0.19,,,,,100.16,62.88,,363,0,,24,,,,,,,,,,,,,,,,,,,,,,346,,204,81,,32,15,277,,,,,,,,,0,,,,17,,,,,,,4,,,0,,,27,,165,,17,,,,,,
KEC86-15,GEOROC,10.1007/BF01041749,"PETROCHEMISTRY OF ECLOGITES FROM THE KOIDU KIMBERLITE COMPLEX, SIERRA LEONE",CONTRIB. MINERAL. PETROL.,,,,XENOLITH,UNKNOWN,UNKNOWN,ECLOGITE,8.6311,-10.9652,0.01,46.17,0.68,15.83,,,,10.49,15.9,9.49,0.91,0.47,0.3901,0.07,0.21,,,,,100.15,72.99,,494,2,,28,,,,,,,,,,,,,,,,,,,,,,200,,416,55,,32,13,272,,,,,,,,,0,,,,14.7,,,,,,,5,,,0,,,11.1,,124,,13,,,,,,
KEC-86-72A,GEOROC,10.1007/BF01041749,"PETROCHEMISTRY OF ECLOGITES FROM THE KOIDU KIMBERLITE COMPLEX, SIERRA LEONE",CONTRIB. MINERAL. PETROL.,,,,XENOLITH,UNKNOWN,UNKNOWN,ECLOGITE,8.6311,-10.9652,0.01,42.8,0.84,17.25,,,,17.6,7.9,11.78,1.14,0.45,0.3735,0.04,0.38,,,,,100.14,44.45,,247,5,,11,,,,,,,,,,,,,,,,,,,,,,299,,268,88,,55,15,305,,,,,,,,,0,,,,37.2,,,,,,,7,,,0,,,17.9,,195,,23,,,,,,
KEC81-3,GEOROC,10.1007/BF01041749,"PETROCHEMISTRY OF ECLOGITES FROM THE KOIDU KIMBERLITE COMPLEX, SIERRA LEONE",CONTRIB. MINERAL. PETROL.,,,,XENOLITH,UNKNOWN,UNKNOWN,ECLOGITE,8.6311,-10.9652,0.01,45.38,0.77,16.95,,,,10.48,9.24,15.16,1.8,0.19,0.1577,0.1,0.16,,,,,100.13,61.12,,328,6,,15,,,,,,,,,,,,,,,,,,,,,,334,,248,76,,32,17,1260,,,,,,,,,0,,,,13,,,,,,,5,,,0,,,5.8,,479,,19,,,,,,
KEC-81-7,GEOROC,10.1007/BF01041749,"PETROCHEMISTRY OF ECLOGITES FROM THE KOIDU KIMBERLITE COMPLEX, SIERRA LEONE",CONTRIB. MINERAL. PETROL.,,,,XENOLITH,UNKNOWN,UNKNOWN,ECLOGITE,8.6311,-10.9652,0.01,45.49,0.9,15.51,,,,11.74,12.96,11.51,1.42,0.38,0.3154,0.08,0.21,,,,,100.12,66.31,,975,9,,33,,,,,,,,,,,,,,,,,,,,,,241,,324,64,,81,14,168,,,,,,,,,0,,,,23.1,,,,,,,6,,,0,,,10.5,,117,,29,,,,,,
KEC86-107,GEOROC,10.1007/BF01041749,"PETROCHEMISTRY OF ECLOGITES FROM THE KOIDU KIMBERLITE COMPLEX, SIERRA LEONE",CONTRIB. MINERAL. PETROL.,,,,XENOLITH,UNKNOWN,UNKNOWN,ECLOGITE,8.6311,-10.9652,0.01,44.52,0.37,20.15,,,,6.45,20.15,7.37,0.36,0.44,0.3652,0.07,0.27,,,,,100.08,84.78,,2242,6,,33,,,,,,,,,,,,,,,,,,,,,,183,,210,15,,33,10,143,,,,,,,,,0,,,,14.1,,,,,,,2,,,0,,,8.5,,92,,18,,,,,,
KEC86-73A,GEOROC,10.1007/BF01041749,"PETROCHEMISTRY OF ECLOGITES FROM THE KOIDU KIMBERLITE COMPLEX, SIERRA LEONE",CONTRIB. MINERAL. PETROL.,,,,XENOLITH,UNKNOWN,UNKNOWN,ECLOGITE,8.6311,-10.9652,0.01,47.83,0.44,14.53,,,,7.77,17.65,9.9,1.33,0.33,0.2739,0.04,0.24,,,,,100.02,80.20,,2271,6,,27,,,,,,,,,,,,,,,,,,,,,,251,,162,26,,38,11,258,,,,,,,,,0,,,,23.6,,,,,,,3,,,0,,,7.6,,113,,10,,,,,,
KEC-86-73B,GEOROC,10.1007/BF01041749,"PETROCHEMISTRY OF ECLOGITES FROM THE KOIDU KIMBERLITE COMPLEX, SIERRA LEONE",CONTRIB. MINERAL. PETROL.,,,,XENOLITH,UNKNOWN,UNKNOWN,ECLOGITE,8.6311,-10.9652,0.01,48.32,0.33,13.38,,,,6.48,18.38,10.87,1.3,0.68,0.5644,0.04,0.22,,,,,99.96,83.49,,1874,10,,49,,,,,,,,,,,,,,,,,,,,,,250,,305,16,,38,8,656,,,,,,,,,0,,,,18.9,,,,,,,4,,,0,,,10.5,,325,,30,,,,,,
KEC81-4,GEOROC,10.1007/BF01041749,"PETROCHEMISTRY OF ECLOGITES FROM THE KOIDU KIMBERLITE COMPLEX, SIERRA LEONE",CONTRIB. MINERAL. PETROL.,,,,XENOLITH,UNKNOWN,UNKNOWN,ECLOGITE,8.6311,-10.9652,0.01,48.53,0.7,12.63,,,,13.07,12.56,10.4,1.59,0.23,0.1909,0.04,0.23,,,,,99.94,63.14,,584,4,,17,,,,,,,,,,,,,,,,,,,,,,254,,387,104,,29,14,84,,,,,,,,,0,,,,22,,,,,,,6,,,0,,,4,,76,,7,,,,,,
KEC-81-18,GEOROC,10.1007/BF01041749,"PETROCHEMISTRY OF ECLOGITES FROM THE KOIDU KIMBERLITE COMPLEX, SIERRA LEONE",CONTRIB. MINERAL. PETROL.,,,,XENOLITH,UNKNOWN,UNKNOWN,ECLOGITE,8.6311,-10.9652,0.01,48.9,0.78,12.36,,,,11.44,12.01,11.62,1.48,1.04,0.8632,0.04,0.21,,,,,99.84,65.18,,386,7,,19,,,,,,,,,,,,,,,,,,,,,,295,,147,82,,55,12,425,,,,,,,,,0,,,,15.7,,,,,,,5,,,0,,,29.3,,120,,16,,,,,,
KEC86-71A,GEOROC,10.1007/BF01041749,"PETROCHEMISTRY OF ECLOGITES FROM THE KOIDU KIMBERLITE COMPLEX, SIERRA LEONE",CONTRIB. MINERAL. PETROL.,,,,XENOLITH,UNKNOWN,UNKNOWN,ECLOGITE,8.6311,-10.9652,0.01,46.33,0.59,18.37,,,,11.27,10.08,11.15,1.21,0.58,0.4814,0.08,0.22,,,,,99.8,61.46,,494,5,,18,,,,,,,,,,,,,,,,,,,,,,207,,131,71,,38,14,918,,,,,,,,,0,,,,22.1,,,,,,,3,,,0,,,14.8,,117,,17,,,,,,
KEC-81-AB-11,GEOROC,10.1007/BF01041749,"PETROCHEMISTRY OF ECLOGITES FROM THE KOIDU KIMBERLITE COMPLEX, SIERRA LEONE",CONTRIB. MINERAL. PETROL.,,,,XENOLITH,UNKNOWN,UNKNOWN,ECLOGITE,8.6311,-10.9652,0.01,47.84,0.39,12.96,,,,4.97,19.51,10.8,2.55,0.42,0.3486,0.06,0.19,,,,,99.63,87.50,,2356,27,,77,,,,,,,,,,,,,,,,,,,,,,232,,861,19,,95,11,240,,,,,,,,,0,,,,26.4,,,,,,,6,,,0,,,3.1,,404,,45,,,,,,
JJG 522,GEOROC,10.1007/BF00375519,PYROPE-SPINEL (ALKREMITE) XENOLITHS FROM KIMBERLITE,CONTRIB. MINERAL. PETROL.,,,,XENOLITH,UNKNOWN,UNKNOWN,ECLOGITE,-28.4917,25.5603,0.01,42.3,0.1,24.3,,,,7.2,21.32,4.4,0.06,,0,,0.2,,,,,99.88,84.07,0.2,,,,,,,,,,,,,,,,,,,,,,,,,,,,,,,,,,,,,,,,,,,,,,,,,,,,,,,,,,,,,,,,,,,,,
ESPARI-CC-7633,PETDB,10.1016/0012-821X(88)90108-2,"LOWER CRUSTAL EVOLUTION UNDER CENTRAL ARIZONA:  Sr, Nd, AND Pb ISOTOPIC AND GEOCHEMICAL EVIDENCE FROM THE MAFIC XENOLITHS OF CAMP CREEK",EARTH PLANET. SCI. LETT.,,,,XENOLITH,,,ECLOGITE,33,-111,1,52.1,0.18,4.2,,6.63,,5.96037,14.7,21,0.74,0.07,0.0581,0.01,0.14,,,,,99.09037,81.47,,659,,,,,,,,,,,,,,,,,,,,,,,62.6,,275,67.1,615,54.7,355,14.7,,43.9,,,,,,,,,,,,,5.85,,,,,,,,,,,,,,,61.8,,,,,,,,
ESPARI-CC-7514,PETDB,10.1016/0012-821X(88)90108-2,"LOWER CRUSTAL EVOLUTION UNDER CENTRAL ARIZONA:  Sr, Nd, AND Pb ISOTOPIC AND GEOCHEMICAL EVIDENCE FROM THE MAFIC XENOLITHS OF CAMP CREEK",EARTH PLANET. SCI. LETT.,,,,XENOLITH,,,ECLOGITE,33,-111,1,47.9,1.41,7.29,,12,,10.788,12.3,18,0.72,0.04,0.0332,0.07,0.16,,,,,98.608,67.03,,300,,,,,,,,,,,,,,,,,,,,,,,29.7,,534,40.8,106,130,58.5,98.2,,15,,,,,,,,,,,,,14.6,,,,,,,,,,,,,,,138,,,,,,,,
ESPARI-CC-7591,PETDB,10.1016/0012-821X(88)90108-2,"LOWER CRUSTAL EVOLUTION UNDER CENTRAL ARIZONA:  Sr, Nd, AND Pb ISOTOPIC AND GEOCHEMICAL EVIDENCE FROM THE MAFIC XENOLITHS OF CAMP CREEK",EARTH PLANET. SCI. LETT.,,,,XENOLITH,,,ECLOGITE,33,-111,1,45.2,0.87,14,,13,,11.687,12.5,13.1,0.82,0.05,0.0415,0.03,0.26,,,,,98.487,65.60,,227,,,,,,,,,,,,,,,,,,,,,,,60.4,,368,162,139,92.5,32,64.7,,11.4,,,,,,,,,,,,,47.3,,,,,,,,,,,,,,,59.6,,,,,,,,
ESPARI-CC-7552,PETDB,10.1016/0012-821X(88)90108-2,"LOWER CRUSTAL EVOLUTION UNDER CENTRAL ARIZONA:  Sr, Nd, AND Pb ISOTOPIC AND GEOCHEMICAL EVIDENCE FROM THE MAFIC XENOLITHS OF CAMP CREEK",EARTH PLANET. SCI. LETT.,,,,XENOLITH,,,ECLOGITE,33,-111,1,45.3,0.86,13.8,,12.2,,10.9678,14.5,12,0.68,0.1,0.083,0.02,0.19,,,,,98.3978,70.21,,810,,,,,,,,,,,,,,,,,,,,,,,57.7,,315,56.8,149,114,17.4,26.7,,37.7,,,,,,,,,,,,,17.8,,,,,,,,,,,,,,,66,,,,,,,,
ESPARI-CC-7600,PETDB,10.1016/0012-821X(88)90108-2,"LOWER CRUSTAL EVOLUTION UNDER CENTRAL ARIZONA:  Sr, Nd, AND Pb ISOTOPIC AND GEOCHEMICAL EVIDENCE FROM THE MAFIC XENOLITHS OF CAMP CREEK",EARTH PLANET. SCI. LETT.,,,,XENOLITH,,,ECLOGITE,33,-111,1,50.7,0.66,5.68,,8.59,,7.72241,13.5,19,0.84,0.15,0.1245,0.02,0.14,,,,,98.39241,75.71,,467,,,,,,,,,,,,,,,,,,,,,,,47.5,,405,34.9,97.8,97.2,117,34.6,,20.2,,,,,,,,,,,,,10.3,,,,,,,,,,,,,,,68.1,,,,,,,,
ESPARI-CC-7503,PETDB,10.1016/0012-821X(88)90108-2,"LOWER CRUSTAL EVOLUTION UNDER CENTRAL ARIZONA:  Sr, Nd, AND Pb ISOTOPIC AND GEOCHEMICAL EVIDENCE FROM THE MAFIC XENOLITHS OF CAMP CREEK",EARTH PLANET. SCI. LETT.,,,,XENOLITH,,,ECLOGITE,33,-111,1,41.9,0.8,19.3,,15.6,,14.0244,9.51,11.9,0.41,0.16,0.1328,0.01,0.33,,,,,98.3344,54.73,,40.7,,,,,,,,,,,,,,,,,,,,,,,59,,518,48.6,21,108,40.7,34.4,,33.6,,,,,,,,,,,,,58.8,,,,,,,,,,,,,,,35.9,,,,,,,,
ESPARI-CC-7557,PETDB,10.1016/0012-821X(88)90108-2,"LOWER CRUSTAL EVOLUTION UNDER CENTRAL ARIZONA:  Sr, Nd, AND Pb ISOTOPIC AND GEOCHEMICAL EVIDENCE FROM THE MAFIC XENOLITHS OF CAMP CREEK",EARTH PLANET. SCI. LETT.,,,,XENOLITH,,,ECLOGITE,33,-111,1,41.7,1.87,18.2,,17.3,,15.5527,7.17,12.2,1.08,0.18,0.1494,0.02,0.16,,,,,98.1127,45.11,,75.2,,,,,,,,,,,,,,,,,,,,,,,43.2,,507,161,113,112,78.5,42.9,,26.1,,,,,,,,,,,,,14.3,,,,,,,,,,,,,,,145,,,,,,,,
ESPARI-CC-7541,PETDB,10.1016/0012-821X(88)90108-2,"LOWER CRUSTAL EVOLUTION UNDER CENTRAL ARIZONA:  Sr, Nd, AND Pb ISOTOPIC AND GEOCHEMICAL EVIDENCE FROM THE MAFIC XENOLITHS OF CAMP CREEK",EARTH PLANET. SCI. LETT.,,,,XENOLITH,,,ECLOGITE,33,-111,1,44.7,0.89,5.03,,8.9,,8.0011,9.52,25.4,1.1,0.1,0.083,5.25,0.12,,,,,94.8611,67.96,,17.3,,,,,,,,,,,,,,,,,,,,,,,12.3,,116,26.5,13.8,87.6,21.5,75.3,,15.4,,,,,,,,,,,,,27.9,,,,,,,,,,,,,,,276,,,,,,,,
HELMCOL-ME-1,PETDB,,"ECLOGITE-FACIES ULTRAMAFIC XENOLITHS FROM COLORADO PLATEAU DIATREME BRECCIAS:  COMPARISON WITH ECLOGITES IN CRUSTAL ENVIRONMENTS, EVALUATION OF THE SUBDUCTION HYPOTHESIS, AND IMPLICATIONS FOR ECLOGITE XENOLITHS FROM DIAMONDIFEROUS KIMBERLITES",ECLOGITES AND ECLOGITE FACIES ROCKS,,,,XENOLITH,,,ECLOGITE,37.178,-109.721,0.01,54.13,0.45,13.51,9.65,,,8.67535,5.99,9.68,6.37,0.04,0.0332,,0.19,,,,,99.03535,55.18,,,,,,,,,,,,,,,,,,,,,,,,,,,,,,,,,,,,,,,,,,,,,,,,,,,,,,,,,,,,,,,,,,,,,,
HELMCOL-12-83-2,PETDB,,"ECLOGITE-FACIES ULTRAMAFIC XENOLITHS FROM COLORADO PLATEAU DIATREME BRECCIAS:  COMPARISON WITH ECLOGITES IN CRUSTAL ENVIRONMENTS, EVALUATION OF THE SUBDUCTION HYPOTHESIS, AND IMPLICATIONS FOR ECLOGITE XENOLITHS FROM DIAMONDIFEROUS KIMBERLITES",ECLOGITES AND ECLOGITE FACIES ROCKS,,,,XENOLITH,,,ECLOGITE,37,-109,1,45.93,1.33,22.02,10.36,,,9.31364,5.64,9.26,4.01,0.26,0.2158,0.01,0.21,,,,,97.97364,51.91,,,,,,,,,,,,,,,,,,,,,,,,,,,,,,,,,,,,,,,,,,,,,,,,,,,,,,,,,,,,,,,,,,,,,,
HELMCOL-12-83-20,PETDB,,"ECLOGITE-FACIES ULTRAMAFIC XENOLITHS FROM COLORADO PLATEAU DIATREME BRECCIAS:  COMPARISON WITH ECLOGITES IN CRUSTAL ENVIRONMENTS, EVALUATION OF THE SUBDUCTION HYPOTHESIS, AND IMPLICATIONS FOR ECLOGITE XENOLITHS FROM DIAMONDIFEROUS KIMBERLITES",ECLOGITES AND ECLOGITE FACIES ROCKS,,,,XENOLITH,,,ECLOGITE,37,-109,1,46.49,1.16,18.81,9.98,,,8.97202,7.18,9.89,4.24,0.37,0.3071,0.02,0.19,,,,,97.30202,58.79,,,,,,,,,,,,,,,,,,,,,,,,,,,,,,,,,,,,,,,,,,,,,,,,,,,,,,,,,,,,,,,,,,,,,,
HELMCOL-MR-21,PETDB,,"ECLOGITE-FACIES ULTRAMAFIC XENOLITHS FROM COLORADO PLATEAU DIATREME BRECCIAS:  COMPARISON WITH ECLOGITES IN CRUSTAL ENVIRONMENTS, EVALUATION OF THE SUBDUCTION HYPOTHESIS, AND IMPLICATIONS FOR ECLOGITE XENOLITHS FROM DIAMONDIFEROUS KIMBERLITES",ECLOGITES AND ECLOGITE FACIES ROCKS,,,,XENOLITH,,,ECLOGITE,37.082,-109.733,0.001,51.5,1.17,17.38,9.15,,,8.22585,4.53,5.75,8.11,0.39,0.3237,,0.17,,,,,97.22585,49.54,,,,,,,,,,,,,,,,,,,,,,,,,,,,,,,,,,,,,,,,,,,,,,,,,,,,,,,,,,,,,,,,,,,,,,
HELMCOL-MR-35,PETDB,,"ECLOGITE-FACIES ULTRAMAFIC XENOLITHS FROM COLORADO PLATEAU DIATREME BRECCIAS:  COMPARISON WITH ECLOGITES IN CRUSTAL ENVIRONMENTS, EVALUATION OF THE SUBDUCTION HYPOTHESIS, AND IMPLICATIONS FOR ECLOGITE XENOLITHS FROM DIAMONDIFEROUS KIMBERLITES",ECLOGITES AND ECLOGITE FACIES ROCKS,,,,XENOLITH,,,ECLOGITE,37.082,-109.733,0.001,47.5,0.04,7.85,3.69,,,3.31731,21.4,15.4,1.3,0.09,0.0747,0.04,0.08,,,,,96.97731,92.00,,,,,,,,,,,,,,,,,,,,,,,,,,,,,,,,,,,,,,,,,,,,,,,,,,,,,,,,,,,,,,,,,,,,,,
HELMCOL-MR-4,PETDB,,"ECLOGITE-FACIES ULTRAMAFIC XENOLITHS FROM COLORADO PLATEAU DIATREME BRECCIAS:  COMPARISON WITH ECLOGITES IN CRUSTAL ENVIRONMENTS, EVALUATION OF THE SUBDUCTION HYPOTHESIS, AND IMPLICATIONS FOR ECLOGITE XENOLITHS FROM DIAMONDIFEROUS KIMBERLITES",ECLOGITES AND ECLOGITE FACIES ROCKS,,,,XENOLITH,,,ECLOGITE,37.082,-109.733,0.001,42.65,1.1,21.76,12.2,,,10.9678,7.15,10.29,2.55,0.23,0.1909,,0.25,,,,,96.9478,53.75,,,,,,,,,,,,,,,,,,,,,,,,,,,,,,,,,,,,,,,,,,,,,,,,,,,,,,,,,,,,,,,,,,,,,,
HELMCOL-12-83-8,PETDB,,"ECLOGITE-FACIES ULTRAMAFIC XENOLITHS FROM COLORADO PLATEAU DIATREME BRECCIAS:  COMPARISON WITH ECLOGITES IN CRUSTAL ENVIRONMENTS, EVALUATION OF THE SUBDUCTION HYPOTHESIS, AND IMPLICATIONS FOR ECLOGITE XENOLITHS FROM DIAMONDIFEROUS KIMBERLITES",ECLOGITES AND ECLOGITE FACIES ROCKS,,,,XENOLITH,,,ECLOGITE,37,-109,1,52.5,1,17.24,7.08,,,6.36492,5.24,4.68,7.22,2.2,1.826,,0.06,,,,,96.50492,59.48,,,,,,,,,,,,,,,,,,,,,,,,,,,,,,,,,,,,,,,,,,,,,,,,,,,,,,,,,,,,,,,,,,,,,,
HELMCOL-MR-5,PETDB,,"ECLOGITE-FACIES ULTRAMAFIC XENOLITHS FROM COLORADO PLATEAU DIATREME BRECCIAS:  COMPARISON WITH ECLOGITES IN CRUSTAL ENVIRONMENTS, EVALUATION OF THE SUBDUCTION HYPOTHESIS, AND IMPLICATIONS FOR ECLOGITE XENOLITHS FROM DIAMONDIFEROUS KIMBERLITES",ECLOGITES AND ECLOGITE FACIES ROCKS,,,,XENOLITH,,,ECLOGITE,37.082,-109.733,0.001,42.85,0.5,14.93,7.28,,,6.54472,17.85,8.65,3.2,0.02,0.0166,0.01,0.21,,,,,94.75472,82.94,,,,,,,,,,,,,,,,,,,,,,,,,,,,,,,,,,,,,,,,,,,,,,,,,,,,,,,,,,,,,,,,,,,,,,
DODSIE-BC-B-75A,PETDB,10.1130/0016-7606(1988)100<0938:FOTMAC>2.3.CO;2,"FRAGMENTS OF THE MANTLE AND CRUST FROM BENEATH THE SIERRA NEVADA BATHOLITH:  XENOLITH SIN A VOLCANIC PIPE NEAR BIG CREEK, CALIFORNIA",GEOL SOC AMER BULL,,,,XENOLITH,,,ECLOGITE,37.2167,-119.267,0.0001,43.7,3.2,15.4,5.6,,11.4,16.4344,8.8,10.3,1.4,0.2,0.166,0.18,0.3,,,,,99.7344,48.84,0.018,,,0.008,,,,,,,,,,,,,,,,,,,,,,,,,,,,,,,,,,,,,,,,,,,,,,,,,,,,,,,,,,,,,,,,,,
DODSIE-BC-F-68,PETDB,10.1130/0016-7606(1988)100<0938:FOTMAC>2.3.CO;2,"FRAGMENTS OF THE MANTLE AND CRUST FROM BENEATH THE SIERRA NEVADA BATHOLITH:  XENOLITH SIN A VOLCANIC PIPE NEAR BIG CREEK, CALIFORNIA",GEOL SOC AMER BULL,,,,XENOLITH,,,ECLOGITE,37.2167,-119.267,0.0001,46.5,2.15,10.6,4.61,,8.8,12.94439,12.1,12.3,1.27,0.6,0.498,0.12,0.26,,,,,98.72439,62.50,0.17,,,0.01,,,,,,,,,,,,,,,,,,,,,,,,,,,,,,,,,,,,,,,,,,,,,,,,,,,,,,,,,,,,,,,,,,
DUCSIE-001-BC207,PETDB,10.1029/2001jb000643,CONSTRAINTS ON THE BULK COMPOSITION AND ROOT FOUNDERING RATES OF CONTINENTAL ARCS:  A CALIFORNIA PERSPECTIVE,J. GEOPHYS. RES.,,,,XENOLITH,,,ECLOGITE,37.2167,-119.296,0.01,45.5,0.53,12.58,,,,9.12,5.71,23.58,3.38,0.35,0.2905,0.01,0.88,,,,,101.63,52.75,,,2.95,,4.48,0.69,2.36,0.61,0.19,1.06,0.18,1.86,0.51,1.43,0.24,2.96,0.67,,,,,,,,,,,,,,,16.17,,55.72,,,,0.04,,,,,0.12,,,,22.69,,,,,0.74,,,,,0.19,,,1.64,,40.69,,1.17,,,,,,
DUCSIE-001-G36,PETDB,10.1029/2001jb000643,CONSTRAINTS ON THE BULK COMPOSITION AND ROOT FOUNDERING RATES OF CONTINENTAL ARCS:  A CALIFORNIA PERSPECTIVE,J. GEOPHYS. RES.,,,,XENOLITH,,,ECLOGITE,37.2167,-119.296,0.01,46.08,0.58,12.68,,,,12.1,11.82,14.58,1.27,0.23,0.1909,0.01,0.19,,,,,99.53,63.53,,,1.05,,1.28,0.68,4.78,2.78,1.12,5.31,0.89,8.02,1.64,3.6,0.65,7.05,1.69,,,,,,,,,,,,,,,14.44,,205.7,,,,0.01,,,,,0.1,,,,66.16,,,,,0.61,,,,,0.07,,,8.29,,93.95,,0.23,,,,,,
DUCSIE-001-BC216,PETDB,10.1029/2001jb000643,CONSTRAINTS ON THE BULK COMPOSITION AND ROOT FOUNDERING RATES OF CONTINENTAL ARCS:  A CALIFORNIA PERSPECTIVE,J. GEOPHYS. RES.,,,,XENOLITH,,,ECLOGITE,37.2167,-119.296,0.01,45.75,0.27,17.6,,,,9.08,9.85,10.08,1.33,0.37,0.3071,0.01,0.14,,,,,94.47,65.92,,,1.16,,2.85,0.57,2.78,0.64,0.29,0.67,0.1,0.62,0.1,0.28,0.04,0.27,0.11,,,,,,,,,,,,,,,9.35,,152.8,,,,1.55,,,,,0.12,,,,4.59,,,,,0.24,,,,,0.2,,,11.25,,197.5,,0.4,,,,,,
SMIARIZ-CV-PR149C,PETDB,10.1029/93jb02994,"GARNET-PYROXENE-AMPHIBOLE XENOLITHS FROM CHINO VALLEY, ARIZONA, AND IMPLICATIONS FOR CONTINENTAL LITHOSPHERE BELOW THE MOHO",J. GEOPHYS. RES.,,,,XENOLITH,,,ECLOGITE,34.8,-112.4,0.1,45.24,0.41,15.62,,,,11.59,12.85,12.77,0.85,0.04,0.0332,0.11,0.29,,,,,99.66,66.41,,1114,0.55,,7.58,,4.4,1.85,0.89,,0.57,,,,,6.57,,5,,,,,,,91,,320,84,213,70,,4,,220,,,,2.38,,,,,,,,,,,,,,0.62,,0.12,,,0.31,,,0.44,,68.5,,,,,,,,
SMIARIZ-CV-PR149A,PETDB,10.1029/93jb02994,"GARNET-PYROXENE-AMPHIBOLE XENOLITHS FROM CHINO VALLEY, ARIZONA, AND IMPLICATIONS FOR CONTINENTAL LITHOSPHERE BELOW THE MOHO",J. GEOPHYS. RES.,,,,XENOLITH,,,ECLOGITE,34.8,-112.4,0.1,51.62,0.44,6.59,,,,6.3,12.45,19.88,1.91,0.02,0.0166,0.09,0.06,,,,,99.27,77.89,,774,1.86,,7.5,1.93,12.16,2.72,0.63,1.53,0.16,0.81,0.12,0.2,,0.2,,6,,,,,,,54,,556,66,277,82,,19,,16,,,,1,,,,,,,,,3,,,,,0.9,,0.8,,,0.25,,,0.13,,121,,0.4,,,,,,
PETDB-2499-JER8,PETDB,10.1093/petrology/egt077,A RECORD OF PALEOPROTEROZOIC SUBDUCTION PRESERVED IN THE NORTHERN SLAVE CRATONIC MANTLE: Sr-Pb_O ISOTOPE AND TRACE-ELEMENT INVESTIGATIONS OF ECLOGITE XENOLITHS FROM THE JERICHO AND MUSKOX KIMBERLITES,J. PETROL.,,,,XENOLITH,,,ECLOGITE,67,-111,1,42.7,0.11,19.4,,,21.8,21.8,5.32,9.21,2.02,0.002,0.00166,,0.3,,,,,100.862,30.32,0.01,,,,,,,,,,,,,,,,,,,,,,,,,,,,,,,,,,,,,,,,,,,,,,,,,,,,,,,,,,,,,,,,,,,,,
PETDB-2499-JD6FN,PETDB,10.1093/petrology/egt077,A RECORD OF PALEOPROTEROZOIC SUBDUCTION PRESERVED IN THE NORTHERN SLAVE CRATONIC MANTLE: Sr-Pb_O ISOTOPE AND TRACE-ELEMENT INVESTIGATIONS OF ECLOGITE XENOLITHS FROM THE JERICHO AND MUSKOX KIMBERLITES,J. PETROL.,,,,XENOLITH,,,ECLOGITE,67,-111,1,50.3,0.1,15,,,9.16,9.16,9.13,12.6,3.86,0.005,0.00415,,0.14,,,,,100.295,63.99,0.1,,,,,,,,,,,,,,,,,,,,,,,,,,,,,,,,,,,,,,,,,,,,,,,,,,,,,,,,,,,,,,,,,,,,,
PETDB-2499-011-17,PETDB,10.1093/petrology/egt077,A RECORD OF PALEOPROTEROZOIC SUBDUCTION PRESERVED IN THE NORTHERN SLAVE CRATONIC MANTLE: Sr-Pb_O ISOTOPE AND TRACE-ELEMENT INVESTIGATIONS OF ECLOGITE XENOLITHS FROM THE JERICHO AND MUSKOX KIMBERLITES,J. PETROL.,,,,XENOLITH,,,ECLOGITE,67,-111,1,47.5,0.12,17.5,,,13.8,13.8,6.21,10.9,3.99,0.004,0.00332,,0.15,,,,,100.174,44.52,0.01,,,,,,,,,,,,,,,,,,,,,,,,,,,,,,,,,,,,,,,,,,,,,,,,,,,,,,,,,,,,,,,,,,,,,
PETDB-2499-R183,PETDB,10.1093/petrology/egt077,A RECORD OF PALEOPROTEROZOIC SUBDUCTION PRESERVED IN THE NORTHERN SLAVE CRATONIC MANTLE: Sr-Pb_O ISOTOPE AND TRACE-ELEMENT INVESTIGATIONS OF ECLOGITE XENOLITHS FROM THE JERICHO AND MUSKOX KIMBERLITES,J. PETROL.,,,,XENOLITH,,,ECLOGITE,67,-111,1,49.7,0.13,14.7,,,6.8,6.8,12.1,13.7,2.91,0.02,0.0166,,0.11,,,,,100.17,76.03,0.07,,,,,,,,,,,,,,,,,,,,,,,,,,,,,,,,,,,,,,,,,,,,,,,,,,,,,,,,,,,,,,,,,,,,,
PETDB-2499-JER3,PETDB,10.1093/petrology/egt077,A RECORD OF PALEOPROTEROZOIC SUBDUCTION PRESERVED IN THE NORTHERN SLAVE CRATONIC MANTLE: Sr-Pb_O ISOTOPE AND TRACE-ELEMENT INVESTIGATIONS OF ECLOGITE XENOLITHS FROM THE JERICHO AND MUSKOX KIMBERLITES,J. PETROL.,,,,XENOLITH,,,ECLOGITE,67,-111,1,45.9,0.18,19.3,,,9.53,9.53,7.63,14.8,2.64,0.004,0.00332,,0.17,,,,,100.154,58.80,0.04,,,,,,,,,,,,,,,,,,,,,,,,,,,,,,,,,,,,,,,,,,,,,,,,,,,,,,,,,,,,,,,,,,,,,
PETDB-2499-054-5,PETDB,10.1093/petrology/egt077,A RECORD OF PALEOPROTEROZOIC SUBDUCTION PRESERVED IN THE NORTHERN SLAVE CRATONIC MANTLE: Sr-Pb_O ISOTOPE AND TRACE-ELEMENT INVESTIGATIONS OF ECLOGITE XENOLITHS FROM THE JERICHO AND MUSKOX KIMBERLITES,J. PETROL.,,,,XENOLITH,,,ECLOGITE,67,-111,1,48,0.1,17.2,,,9.05,9.05,9.57,13,3.06,0.004,0.00332,,0.17,,,,,100.154,65.34,0.02,,,,,,,,,,,,,,,,,,,,,,,,,,,,,,,,,,,,,,,,,,,,,,,,,,,,,,,,,,,,,,,,,,,,,
PETDB-2499-JER6,PETDB,10.1093/petrology/egt077,A RECORD OF PALEOPROTEROZOIC SUBDUCTION PRESERVED IN THE NORTHERN SLAVE CRATONIC MANTLE: Sr-Pb_O ISOTOPE AND TRACE-ELEMENT INVESTIGATIONS OF ECLOGITE XENOLITHS FROM THE JERICHO AND MUSKOX KIMBERLITES,J. PETROL.,,,,XENOLITH,,,ECLOGITE,67,-111,1,45.3,0.09,16.1,,,16.7,16.7,9.89,9.97,1.83,0.002,0.00166,,0.27,,,,,100.152,51.36,0.02,,,,,,,,,,,,,,,,,,,,,,,,,,,,,,,,,,,,,,,,,,,,,,,,,,,,,,,,,,,,,,,,,,,,,
PETDB-2499-008-12,PETDB,10.1093/petrology/egt077,A RECORD OF PALEOPROTEROZOIC SUBDUCTION PRESERVED IN THE NORTHERN SLAVE CRATONIC MANTLE: Sr-Pb_O ISOTOPE AND TRACE-ELEMENT INVESTIGATIONS OF ECLOGITE XENOLITHS FROM THE JERICHO AND MUSKOX KIMBERLITES,J. PETROL.,,,,XENOLITH,,,ECLOGITE,67,-111,1,47.4,0.08,15.1,,,13.8,13.8,11,10.1,2.35,0.003,0.00249,,0.19,,,,,100.023,58.70,0.14,,,,,,,,,,,,,,,,,,,,,,,,,,,,,,,,,,,,,,,,,,,,,,,,,,,,,,,,,,,,,,,,,,,,,
PETDB-2499-053-11,PETDB,10.1093/petrology/egt077,A RECORD OF PALEOPROTEROZOIC SUBDUCTION PRESERVED IN THE NORTHERN SLAVE CRATONIC MANTLE: Sr-Pb_O ISOTOPE AND TRACE-ELEMENT INVESTIGATIONS OF ECLOGITE XENOLITHS FROM THE JERICHO AND MUSKOX KIMBERLITES,J. PETROL.,,,,XENOLITH,,,ECLOGITE,67,-111,1,49.5,0.1,17.7,,,8.4,8.4,6.9,12.8,4.5,,0,,0.1,,,,,100,59.42,,,,,,,,,,,,,,,,,,,,,,,,,,,,,,,,,,,,,,,,,,,,,,,,,,,,,,,,,,,,,,,,,,,,,,
PETDB-2499-010-13,PETDB,10.1093/petrology/egt077,A RECORD OF PALEOPROTEROZOIC SUBDUCTION PRESERVED IN THE NORTHERN SLAVE CRATONIC MANTLE: Sr-Pb_O ISOTOPE AND TRACE-ELEMENT INVESTIGATIONS OF ECLOGITE XENOLITHS FROM THE JERICHO AND MUSKOX KIMBERLITES,J. PETROL.,,,,XENOLITH,,,ECLOGITE,67,-111,1,44.7,0.12,18.8,,,16.4,16.4,6.25,10.9,2.6,0.004,0.00332,,0.21,,,,,99.984,40.46,0.01,,,,,,,,,,,,,,,,,,,,,,,,,,,,,,,,,,,,,,,,,,,,,,,,,,,,,,,,,,,,,,,,,,,,,
PETDB-2499-MOX1,PETDB,10.1093/petrology/egt077,A RECORD OF PALEOPROTEROZOIC SUBDUCTION PRESERVED IN THE NORTHERN SLAVE CRATONIC MANTLE: Sr-Pb_O ISOTOPE AND TRACE-ELEMENT INVESTIGATIONS OF ECLOGITE XENOLITHS FROM THE JERICHO AND MUSKOX KIMBERLITES,J. PETROL.,,,,XENOLITH,,,ECLOGITE,67,-111,1,46.5,0.25,16.4,,,8.95,8.95,13.7,12.3,1.66,0.03,0.0249,,0.18,,,,,99.97,73.18,0.06,,,,,,,,,,,,,,,,,,,,,,,,,,,,,,,,,,,,,,,,,,,,,,,,,,,,,,,,,,,,,,,,,,,,,
PETDB-2499-JER2,PETDB,10.1093/petrology/egt077,A RECORD OF PALEOPROTEROZOIC SUBDUCTION PRESERVED IN THE NORTHERN SLAVE CRATONIC MANTLE: Sr-Pb_O ISOTOPE AND TRACE-ELEMENT INVESTIGATIONS OF ECLOGITE XENOLITHS FROM THE JERICHO AND MUSKOX KIMBERLITES,J. PETROL.,,,,XENOLITH,,,ECLOGITE,67,-111,1,46.8,0.06,18.9,,,7.83,7.83,13.1,10.7,2.41,0.004,0.00332,,0.14,,,,,99.944,74.89,0.12,,,,,,,,,,,,,,,,,,,,,,,,,,,,,,,,,,,,,,,,,,,,,,,,,,,,,,,,,,,,,,,,,,,,,
PETDB-2499-051-10,PETDB,10.1093/petrology/egt077,A RECORD OF PALEOPROTEROZOIC SUBDUCTION PRESERVED IN THE NORTHERN SLAVE CRATONIC MANTLE: Sr-Pb_O ISOTOPE AND TRACE-ELEMENT INVESTIGATIONS OF ECLOGITE XENOLITHS FROM THE JERICHO AND MUSKOX KIMBERLITES,J. PETROL.,,,,XENOLITH,,,ECLOGITE,67,-111,1,47.6,0.16,18.3,,,8.2,8.2,6.6,15.3,3.6,0.004,0.00332,,0.17,,,,,99.934,58.93,0.03,,,,,,,,,,,,,,,,,,,,,,,,,,,,,,,,,,,,,,,,,,,,,,,,,,,,,,,,,,,,,,,,,,,,,
PETDB-2499-001-1,PETDB,10.1093/petrology/egt077,A RECORD OF PALEOPROTEROZOIC SUBDUCTION PRESERVED IN THE NORTHERN SLAVE CRATONIC MANTLE: Sr-Pb_O ISOTOPE AND TRACE-ELEMENT INVESTIGATIONS OF ECLOGITE XENOLITHS FROM THE JERICHO AND MUSKOX KIMBERLITES,J. PETROL.,,,,XENOLITH,,,ECLOGITE,67,-111,1,49.4,0.14,15,,,6.82,6.82,12.1,13.7,2.63,0.02,0.0166,,0.12,,,,,99.93,75.98,0.06,,,,,,,,,,,,,,,,,,,,,,,,,,,,,,,,,,,,,,,,,,,,,,,,,,,,,,,,,,,,,,,,,,,,,
PETDB-2499-007-5,PETDB,10.1093/petrology/egt077,A RECORD OF PALEOPROTEROZOIC SUBDUCTION PRESERVED IN THE NORTHERN SLAVE CRATONIC MANTLE: Sr-Pb_O ISOTOPE AND TRACE-ELEMENT INVESTIGATIONS OF ECLOGITE XENOLITHS FROM THE JERICHO AND MUSKOX KIMBERLITES,J. PETROL.,,,,XENOLITH,,,ECLOGITE,67,-111,1,47.8,0.27,15.6,,,10.5,10.5,11.3,11.3,2.9,0.01,0.0083,,0.22,,,,,99.9,65.74,0.08,,,,,,,,,,,,,,,,,,,,,,,,,,,,,,,,,,,,,,,,,,,,,,,,,,,,,,,,,,,,,,,,,,,,,
PETDB-2499-JER1,PETDB,10.1093/petrology/egt077,A RECORD OF PALEOPROTEROZOIC SUBDUCTION PRESERVED IN THE NORTHERN SLAVE CRATONIC MANTLE: Sr-Pb_O ISOTOPE AND TRACE-ELEMENT INVESTIGATIONS OF ECLOGITE XENOLITHS FROM THE JERICHO AND MUSKOX KIMBERLITES,J. PETROL.,,,,XENOLITH,,,ECLOGITE,67,-111,1,47.7,0.1,17.1,,,6.7,6.7,10.6,15,2.5,0.002,0.00166,,0.13,,,,,99.832,73.83,0.07,,,,,,,,,,,,,,,,,,,,,,,,,,,,,,,,,,,,,,,,,,,,,,,,,,,,,,,,,,,,,,,,,,,,,
PETDB-2499-053-6,PETDB,10.1093/petrology/egt077,A RECORD OF PALEOPROTEROZOIC SUBDUCTION PRESERVED IN THE NORTHERN SLAVE CRATONIC MANTLE: Sr-Pb_O ISOTOPE AND TRACE-ELEMENT INVESTIGATIONS OF ECLOGITE XENOLITHS FROM THE JERICHO AND MUSKOX KIMBERLITES,J. PETROL.,,,,XENOLITH,,,ECLOGITE,67,-111,1,47.8,0.1,17.4,,,10.1,10.1,9.09,11.9,3.17,0.005,0.00415,,0.16,,,,,99.725,61.61,0.07,,,,,,,,,,,,,,,,,,,,,,,,,,,,,,,,,,,,,,,,,,,,,,,,,,,,,,,,,,,,,,,,,,,,,
PETDB-2499-035-2,PETDB,10.1093/petrology/egt077,A RECORD OF PALEOPROTEROZOIC SUBDUCTION PRESERVED IN THE NORTHERN SLAVE CRATONIC MANTLE: Sr-Pb_O ISOTOPE AND TRACE-ELEMENT INVESTIGATIONS OF ECLOGITE XENOLITHS FROM THE JERICHO AND MUSKOX KIMBERLITES,J. PETROL.,,,,XENOLITH,,,ECLOGITE,67,-111,1,45.4,0.09,16.7,,,14.9,14.9,11.4,9.09,1.86,0.01,0.0083,,0.23,,,,,99.68,57.70,0.06,,,,,,,,,,,,,,,,,,,,,,,,,,,,,,,,,,,,,,,,,,,,,,,,,,,,,,,,,,,,,,,,,,,,,
PETDB-2499-JER7,PETDB,10.1093/petrology/egt077,A RECORD OF PALEOPROTEROZOIC SUBDUCTION PRESERVED IN THE NORTHERN SLAVE CRATONIC MANTLE: Sr-Pb_O ISOTOPE AND TRACE-ELEMENT INVESTIGATIONS OF ECLOGITE XENOLITHS FROM THE JERICHO AND MUSKOX KIMBERLITES,J. PETROL.,,,,XENOLITH,,,ECLOGITE,67,-111,1,47.6,0.07,15.4,,,10.5,10.5,12.2,11.4,2.31,0.002,0.00166,,0.16,,,,,99.642,67.44,0.12,,,,,,,,,,,,,,,,,,,,,,,,,,,,,,,,,,,,,,,,,,,,,,,,,,,,,,,,,,,,,,,,,,,,,
PETDB-2499-JDE15,PETDB,10.1093/petrology/egt077,A RECORD OF PALEOPROTEROZOIC SUBDUCTION PRESERVED IN THE NORTHERN SLAVE CRATONIC MANTLE: Sr-Pb_O ISOTOPE AND TRACE-ELEMENT INVESTIGATIONS OF ECLOGITE XENOLITHS FROM THE JERICHO AND MUSKOX KIMBERLITES,J. PETROL.,,,,XENOLITH,,,ECLOGITE,67,-111,1,48,0.31,16.1,,,8.58,8.58,13.1,10.7,2.5,0.05,0.0415,,0.15,,,,,99.49,73.13,0.06,,,,,,,,,,,,,,,,,,,,,,,,,,,,,,,,,,,,,,,,,,,,,,,,,,,,,,,,,,,,,,,,,,,,,
PETDB-2499-055-7,PETDB,10.1093/petrology/egt077,A RECORD OF PALEOPROTEROZOIC SUBDUCTION PRESERVED IN THE NORTHERN SLAVE CRATONIC MANTLE: Sr-Pb_O ISOTOPE AND TRACE-ELEMENT INVESTIGATIONS OF ECLOGITE XENOLITHS FROM THE JERICHO AND MUSKOX KIMBERLITES,J. PETROL.,,,,XENOLITH,,,ECLOGITE,67,-111,1,46.4,0.12,18.5,,,9.65,9.65,7.52,13.9,3.12,0.002,0.00166,,0.18,,,,,99.392,58.15,0.04,,,,,,,,,,,,,,,,,,,,,,,,,,,,,,,,,,,,,,,,,,,,,,,,,,,,,,,,,,,,,,,,,,,,,
PETDB-2499-MOX23,PETDB,10.1093/petrology/egt077,A RECORD OF PALEOPROTEROZOIC SUBDUCTION PRESERVED IN THE NORTHERN SLAVE CRATONIC MANTLE: Sr-Pb_O ISOTOPE AND TRACE-ELEMENT INVESTIGATIONS OF ECLOGITE XENOLITHS FROM THE JERICHO AND MUSKOX KIMBERLITES,J. PETROL.,,,,XENOLITH,,,ECLOGITE,67,-111,1,46.6,0.17,16.8,,,9.13,9.13,13.6,11.2,1.67,0.001,0.00083,,0.19,,,,,99.361,72.65,0.07,,,,,,,,,,,,,,,,,,,,,,,,,,,,,,,,,,,,,,,,,,,,,,,,,,,,,,,,,,,,,,,,,,,,,
PETDB-2499-JER4,PETDB,10.1093/petrology/egt077,A RECORD OF PALEOPROTEROZOIC SUBDUCTION PRESERVED IN THE NORTHERN SLAVE CRATONIC MANTLE: Sr-Pb_O ISOTOPE AND TRACE-ELEMENT INVESTIGATIONS OF ECLOGITE XENOLITHS FROM THE JERICHO AND MUSKOX KIMBERLITES,J. PETROL.,,,,XENOLITH,,,ECLOGITE,67,-111,1,45,0.08,18.2,,,13.3,13.3,9.93,10.6,1.98,0.004,0.00332,,0.2,,,,,99.294,57.10,0.01,,,,,,,,,,,,,,,,,,,,,,,,,,,,,,,,,,,,,,,,,,,,,,,,,,,,,,,,,,,,,,,,,,,,,
PETDB-2499-JDE25,PETDB,10.1093/petrology/egt077,A RECORD OF PALEOPROTEROZOIC SUBDUCTION PRESERVED IN THE NORTHERN SLAVE CRATONIC MANTLE: Sr-Pb_O ISOTOPE AND TRACE-ELEMENT INVESTIGATIONS OF ECLOGITE XENOLITHS FROM THE JERICHO AND MUSKOX KIMBERLITES,J. PETROL.,,,,XENOLITH,,,ECLOGITE,67,-111,1,48.1,0.38,16.6,,,8.46,8.46,11.5,10.78,3.29,0.03,0.0249,,0.125,,,,,99.265,70.79,0.08,,,,,,,,,,,,,,,,,,,,,,,,,,,,,,,,,,,,,,,,,,,,,,,,,,,,,,,,,,,,,,,,,,,,,
PETDB-2499-044-9,PETDB,10.1093/petrology/egt077,A RECORD OF PALEOPROTEROZOIC SUBDUCTION PRESERVED IN THE NORTHERN SLAVE CRATONIC MANTLE: Sr-Pb_O ISOTOPE AND TRACE-ELEMENT INVESTIGATIONS OF ECLOGITE XENOLITHS FROM THE JERICHO AND MUSKOX KIMBERLITES,J. PETROL.,,,,XENOLITH,,,ECLOGITE,67,-111,1,48,0.36,12.3,,,6.25,6.25,18.6,12.2,0.85,0.02,0.0166,,0.24,,,,,98.82,84.14,0.63,,,,,,,,,,,,,,,,,,,,,,,,,,,,,,,,,,,,,,,,,,,,,,,,,,,,,,,,,,,,,,,,,,,,,
PETDB-2286-S10-011,PETDB,10.1016/j.lithos.2012.12.002,"LOWER-CRUSTAL XENOLITHS FROM JURASSIC KIMBERLITE DIATREMES, UPPER MICHIGAN (USA): EVIDENCE FOR PROTEROZOIC OROGENESIS AND PLUME MAGMATISM IN THE LOWER CRUST OF THE SOUTHERN SUPERIOR PROVINCE",J. PETROL.,,,,XENOLITH,,,ECLOGITE,46.1769,-88.1742,0.00001,47.5,1.15,16.3,11.6,,,10.4284,9.59,9.08,3.61,0.13,0.1079,0.08,0.16,,,,,97.9484,62.11,,274,2.4,,5.04,0.75,4.39,1.89,0.806,2.76,0.51,3.24,0.735,1.99,,1.87,0.285,27.1,,,,,,,,5020,262,34,116,94,12,,,115,,,,0.15,0.08,,1.38,,0.074,,,,19.6,3.63,,,,2.02,,1.11,,,0.345,,,9.5,0.23,157,,3.36,,,,,,
PETDB-2286-S10-007,PETDB,10.1016/j.lithos.2012.12.002,"LOWER-CRUSTAL XENOLITHS FROM JURASSIC KIMBERLITE DIATREMES, UPPER MICHIGAN (USA): EVIDENCE FOR PROTEROZOIC OROGENESIS AND PLUME MAGMATISM IN THE LOWER CRUST OF THE SOUTHERN SUPERIOR PROVINCE",J. PETROL.,,,,XENOLITH,,,ECLOGITE,46.1769,-88.1742,0.00001,50,0.69,16,10.2,,,9.1698,7.33,9.22,3.22,1.49,1.2367,0.09,0.12,,,,,97.2398,58.77,,213,3.61,,6.49,0.75,4,1.66,0.797,2.19,0.376,2.23,0.487,1.31,,1.26,0.189,30.3,,,,,,,,3140,273,24,110,94,15,,,1000,,,,0.14,0.06,,0.91,,0.155,,,,13,3.94,,,,1.53,,1.05,,,0.342,,,31.6,0.63,209,,5.1,,,,,,
HELMCOL-MR-029,PETDB,10.1093/petrology/egi101,PETROLOGY AND GEOCHEMISTRY OF ECLOGITE XENOLITHS FROM THE COLORADO PLATEAU:  IMPLICATIONS FOR THE EVOLUTION OF SUBDUCTED OCEANIC CRUST,J. PETROL.,,,,XENOLITH,,,ECLOGITE,37.082,-109.733,0.001,48.96,1.5,16.38,,9.36,,8.41464,7.63,9.77,4.96,0.145,0.12035,0.002,0.16,,,,,97.91964,61.78,298,,17,182,33,4,18.8,4.74,1.5,4.7,0.67,3.8,0.79,2,0.31,2.1,0.31,38,,,,,,,,,,,,,,119,,108,,,,0.62,,,,,1.1,,,,25,,,,,3.2,,5.1,,,2,,,1.46,0.19,574,,8.4,,,,,,
HELMCOL-MR-049,PETDB,10.1093/petrology/egi101,PETROLOGY AND GEOCHEMISTRY OF ECLOGITE XENOLITHS FROM THE COLORADO PLATEAU:  IMPLICATIONS FOR THE EVOLUTION OF SUBDUCTED OCEANIC CRUST,J. PETROL.,,,,XENOLITH,,,ECLOGITE,37.082,-109.733,0.001,53.41,0.97,17.77,,7.03,,6.31997,3.83,5.34,9.75,0.12,0.0996,,0.12,,,,,97.62997,51.93,164,,13,71,22,2.8,10.7,2.45,0.8,2.3,0.35,2,0.42,1.2,0.19,1.4,0.21,85,,,,,,,,,,,,,,168,,686,,,,0.69,,,,,0.99,,,,13,,,,,4.5,,4.2,,,1.8,,,3.03,0.46,447,,8.6,,,,,,
HELMCOL-MR-015,PETDB,10.1093/petrology/egi101,PETROLOGY AND GEOCHEMISTRY OF ECLOGITE XENOLITHS FROM THE COLORADO PLATEAU:  IMPLICATIONS FOR THE EVOLUTION OF SUBDUCTED OCEANIC CRUST,J. PETROL.,,,,XENOLITH,,,ECLOGITE,37.082,-109.733,0.001,51.19,0.78,15.39,,7.24,,6.50876,7.2,9.95,6.23,0.051,0.04233,0.001,0.14,,,,,97.43976,66.36,132,,22,147,42,5,18.7,4.03,1.2,4,0.65,3.6,0.66,1.6,0.24,1.6,0.22,67,,,,,,,,,,,,,,169,,69,,,,0.58,,,,,1.3,,,,20,,,,,4.5,,5.6,,,2.7,,,0.88,0.071,582,,6.3,,,,,,
HELMCOL-MR-019,PETDB,10.1093/petrology/egi101,PETROLOGY AND GEOCHEMISTRY OF ECLOGITE XENOLITHS FROM THE COLORADO PLATEAU:  IMPLICATIONS FOR THE EVOLUTION OF SUBDUCTED OCEANIC CRUST,J. PETROL.,,,,XENOLITH,,,ECLOGITE,37.082,-109.733,0.001,52.01,1.35,16.53,,8.94,,,5.4,7.24,7.78,0.097,0.08051,0.006,0.16,,,,,90.567,100.00,258,,33,103,67,8.5,37.4,7.92,1.8,6,0.75,4,0.82,2.2,0.34,2.3,0.34,52,,,,,,,,,,,,,,194,,92,,,,0.78,,,,,1.9,,,,25,,,,,5.2,,3.2,,,5.6,,,2.12,0.67,281,,9.9,,,,,,
XUWCHIN-NCC-XS-603-2-2,PETDB,10.1016/j.lithos.2008.11.004,GEOCHEMISTRY OF ECLOGITE XENOLITHS IN MESOZOIC ADAKITIC ROCKS FROM XUZHOU-SUZHOU AREA IN CENTRAL CHINA AND THEIR TECTONIC IMPLICATIONS,LITHOS,,,,XENOLITH,,,ECLOGITE,35,116,1,46.02,1.22,15.55,4.82,,11.19,15.52318,7.99,9.45,1.75,0.27,0.2241,0.07,0.24,,,,,98.01318,47.85,,304.29,6.47,,18.39,2.42,11.8,3.62,1.21,4.13,0.73,4.86,1.02,3.22,0.48,3.22,0.46,,,,,,,,69.16,,411.81,64.31,126.64,,,61.12,,59.85,,,,,,,,,0.41,,,,28.4,,,,,1.97,,10.16,,,0.59,,,11.62,,198.84,,1.35,,,,,,
XUWCHIN-NCC-XS-L-4,PETDB,10.1016/j.lithos.2008.11.004,GEOCHEMISTRY OF ECLOGITE XENOLITHS IN MESOZOIC ADAKITIC ROCKS FROM XUZHOU-SUZHOU AREA IN CENTRAL CHINA AND THEIR TECTONIC IMPLICATIONS,LITHOS,,,,XENOLITH,,,ECLOGITE,35,116,1,45.63,1.13,11.72,6.74,,6.7,12.75926,10.62,13.11,1.83,0.23,0.1909,0.06,0.12,,,,,97.14926,59.74,,220.5,9.98,,34.57,6.38,31.24,7.37,2.08,6.16,0.82,4.16,0.77,2.11,0.29,1.89,0.25,,,,,,,,60.65,,409.11,77.99,112.64,,,92.02,,52.38,,,,,,,,,0.6,,,,20.84,,,,,2.85,,31.76,,,0.76,,,14.56,,339.59,,1.73,,,,,,
1,GEOROC,10.1016/j.lithos.2004.04.021,PETROLOGY OF HIGHLY ALUMINOUS XENOLITHS FROM KIMBERLITES OF YAKUTIA,LITHOS,,,,XENOLITH,UNKNOWN,UNKNOWN,ECLOGITE,66.43,112.32,0.01,46.36,0.34,24.08,1.32,,4.19,5.37668,7.13,13.85,1.89,0.72,0.5976,0.04,0.08,,,,,99.82668,70.28,,,,,,,,,,,,,,,,,,,,,,,,,,,,,,,,,,,,,,,,,,,,,,,,,,,,,,,,,,,,,,,,,,,,,,
4,GEOROC,10.1016/j.lithos.2004.04.021,PETROLOGY OF HIGHLY ALUMINOUS XENOLITHS FROM KIMBERLITES OF YAKUTIA,LITHOS,,,,XENOLITH,UNKNOWN,UNKNOWN,ECLOGITE,66.43,112.32,0.01,46.31,0.3,25.22,2.68,,4.53,6.93932,6.42,11.22,2.23,0.93,0.7719,0.07,0.1,,,,,99.66932,62.26,,,,,,,,,,,,,,,,,,,,,,,,,,,,,,,,,,,,,,,,,,,,,,,,,,,,,,,,,,,,,,,,,,,,,,
3,GEOROC,10.1016/j.lithos.2004.04.021,PETROLOGY OF HIGHLY ALUMINOUS XENOLITHS FROM KIMBERLITES OF YAKUTIA,LITHOS,,,,XENOLITH,UNKNOWN,UNKNOWN,ECLOGITE,66.43,112.32,0.01,44.99,0.28,25.16,2.96,,3.97,6.63104,8.09,11.36,1.61,1.4,1.162,0.07,0.11,,,,,99.63104,68.51,,,,,,,,,,,,,,,,,,,,,,,,,,,,,,,,,,,,,,,,,,,,,,,,,,,,,,,,,,,,,,,,,,,,,,
P3D,GEOROC,10.1016/j.tecto.2009.11.013,"ULTRAMAFIC XENOLITHS FROM VAJRAKARUR KIMBERLITES, INDIA","PROC. 4TH INTERN. KIMBERLITE CONF., VOL. 2, PERTH",,,,XENOLITH,UNKNOWN,UNKNOWN,ECLOGITE,14.8,77.25,0.01,42.6,0.11,20.3,,,,3.91,11.2,17.3,0.78,0.07,0.0581,0.06,0.07,,,,,96.34,83.63,0.14,,8.9,,19,,8,0.97,0.36,,0.1,,,,,0.26,0.04,,,,,,,,,,,,,,,,,,,,,,,,,,,,,,,,,,,,,,,,,,,,,,,,,,,,,
P3G2,GEOROC,10.2113/gsecongeo.82.1.87,"ULTRAMAFIC XENOLITHS FROM VAJRAKARUR KIMBERLITES, INDIA","PROC. 4TH INTERN. KIMBERLITE CONF., VOL. 2, PERTH",,,,XENOLITH,UNKNOWN,UNKNOWN,ECLOGITE,14.8,77.25,0.01,46.8,0.16,12.6,,,,5.64,18.6,10.5,1.06,0.22,0.1826,0.02,0.24,,,,,95.82,85.46,2.49,,5.9,,36,,3,0.64,0.23,,0.2,,,,,1.02,0.19,,,,,,,,,,,,,,,,,,,,,,,,,,,,,,,,,,,,,,,,,,,,,,,,,,,,,
P3F,GEOROC,10.1016/j.chemgeo.2014.05.003,"ULTRAMAFIC XENOLITHS FROM VAJRAKARUR KIMBERLITES, INDIA","PROC. 4TH INTERN. KIMBERLITE CONF., VOL. 2, PERTH",,,,XENOLITH,UNKNOWN,UNKNOWN,ECLOGITE,14.8,77.25,0.01,44,0.28,11,,,,7.14,15.4,14.7,1.27,0.35,0.2905,0.1,0.16,,,,,94.3,79.36,0.21,,19.5,,41,,30,5.43,1.93,,0.6,,,,,1.83,0.32,,,,,,,,,,,,,,,,,,,,,,,,,,,,,,,,,,,,,,,,,,,,,,,,,,,,,
ESPARI-CC-7514,PETDB,,"LOWER CRUSTAL NODULES FROM THE CAMP CREEK LATITE, CAREFREE, ARIZONA",PROCEEDINGS OF THE THIRD INTERNATIONAL KIMBERLITE CONFERENCE,,,,XENOLITH,,,ECLOGITE,33,-111,1,45.14,0.41,18.96,,,13.74,13.74,10.92,11.74,0.74,0.12,0.0996,,0.3,,,,,102.07,58.63,,,,,,,,,,,,,,,,,,,,,,,,,,,,,,,,,,,,,,,,,,,,,,,,,,,,,,,,,,,,,,,,,,,,,,
ESPARI-CC-7503,PETDB,,"LOWER CRUSTAL NODULES FROM THE CAMP CREEK LATITE, CAREFREE, ARIZONA",PROCEEDINGS OF THE THIRD INTERNATIONAL KIMBERLITE CONFERENCE,,,,XENOLITH,,,ECLOGITE,33,-111,1,43.46,0.55,19.67,,,15.35,15.35,9.44,11.95,0.48,0.09,0.0747,,0.34,,,,,101.33,52.30,,,,,,,,,,,,,,,,,,,,,,,,,,,,,,,,,,,,,,,,,,,,,,,,,,,,,,,,,,,,,,,,,,,,,,
ESPARI-CC-7552,PETDB,,"LOWER CRUSTAL NODULES FROM THE CAMP CREEK LATITE, CAREFREE, ARIZONA",PROCEEDINGS OF THE THIRD INTERNATIONAL KIMBERLITE CONFERENCE,,,,XENOLITH,,,ECLOGITE,33,-111,1,44.6,0.46,18.15,,,12.94,12.94,13.18,10.05,0.58,0.09,0.0747,,0.25,,,,,100.3,64.49,,,,,,,,,,,,,,,,,,,,,,,,,,,,,,,,,,,,,,,,,,,,,,,,,,,,,,,,,,,,,,,,,,,,,,
UV-5/83,GEOROC,10.1029/2002GC000355,MANTLE METASOMATISM AND MELTING IN MANTLE-DERIVED XENOLITHS FROM THE UDACHNAYA KIMBERLITE; THEIR POSSIBLE RELATIONSHIP WITH DIAMOND AND KIMBERLITE FORMATION,RUSS. GEOL. GEOPHYS.,,,,XENOLITH,UNKNOWN,UNKNOWN,ECLOGITE,66.43,112.32,0.01,39.1,0,36.1,,,,0.12,0,0.22,24.9,0.03,0.0249,,0,,,,,100.47,0.00,0,,,0,,,,,,,,,,,,,,,,,,,,,,,,,,,,,,,,,,,,,,,,,,,,,,,,,,,,,,,,,,,,,,,,,,
ARCAUST-CT-821,PETDB,,"TRACE ELEMENT AND ISOTOPIC CHARACTERISTICS OF ECLOGITES AND OTHER XENOLITHS DERIVED FROM THE LOWER CONTINENTAL CRUST OF SOUTHWESTERN AUSTRALIA AND SOUTHWESTERN COLORADO PLATEAU, USA",,,,,XENOLITH,,,ECLOGITE,-33.6,139.1,0.1,50.15,0.42,13.36,2.06,,6.16,8.01194,10.42,14.59,1.06,0.1,0.083,0.01,0.13,,,,,98.24194,69.87,,1203,1,,2,,3,,,,,,,,,,,,,,,,,,55,,227,56,171,61,84,18,10.4,500,,,,,,,,,,,,,8,,,,,,,2,,,,,,0.9,,142,,10,,,,,,
ARCAUST-CT-822,PETDB,,"TRACE ELEMENT AND ISOTOPIC CHARACTERISTICS OF ECLOGITES AND OTHER XENOLITHS DERIVED FROM THE LOWER CONTINENTAL CRUST OF SOUTHWESTERN AUSTRALIA AND SOUTHWESTERN COLORADO PLATEAU, USA",,,,,XENOLITH,,,ECLOGITE,-33.6,139.1,0.1,48.85,0.41,12.3,2.36,,5.11,7.23164,11.08,15.66,2.04,0.38,0.3154,0.01,0.15,,,,,98.10164,73.20,,1298,1,,4,,1,,,,,,,,,,,,,,,,,,55,,222,54,150,42,4,17,9.6,1675,,,,,,,,,,,,,10,,,,,,,1,,,,,,3.8,,126,,6,,,,,,
ARCAUST-CT-840,PETDB,,"TRACE ELEMENT AND ISOTOPIC CHARACTERISTICS OF ECLOGITES AND OTHER XENOLITHS DERIVED FROM THE LOWER CONTINENTAL CRUST OF SOUTHWESTERN AUSTRALIA AND SOUTHWESTERN COLORADO PLATEAU, USA",,,,,XENOLITH,,,ECLOGITE,-33.6,139.1,0.1,44.85,0.97,14.35,3.92,,11.14,14.66408,8.4,12.63,1.64,0.08,0.0664,0.01,0.23,,,,,97.81408,50.53,,675,1,,3,,3,,,,,,,,,,,,,,,,,,61,,374,68,101,69,90,24,11,1235,,,,,,,,,,,,,33,,,,,,,1,,,,,,1.4,,99,,263,,,,,,